State,X-distance,Y-distance,Cost,Pos_x,Pos_y,Orientation,Goal_x,Goal_y,R1,R2,R3,R4,R5,R6,R7,R8,G1,G2,G3,G4,G5,G6,G7,G8
RIGHT,465,503,2581,25,47,DOWN,490,550,3,8,9,8,1,6,6,2,8,2,9,4,4,7,9,8
FORWARD,465,503,2580,25,47,RIGHT,490,550,3,8,9,8,1,6,6,2,8,2,9,4,4,7,9,8
FORWARD,465,503,2579,26,47,RIGHT,490,550,8,9,7,1,1,6,2,8,8,2,9,4,4,7,9,8
FORWARD,465,503,2578,27,47,RIGHT,490,550,9,7,8,1,2,2,8,2,8,2,9,4,4,7,9,8
FORWARD,465,503,2576,28,47,RIGHT,490,550,7,8,7,1,1,8,2,3,8,2,9,4,4,7,9,8
RIGHT,465,503,2575,29,47,RIGHT,490,550,8,7,2,2,5,2,3,2,8,2,9,4,4,7,9,8
BASH,465,503,2574,29,47,UP,490,550,8,7,2,2,5,2,3,2,8,2,9,4,4,7,9,8
BASH,465,503,2570,29,49,UP,490,550,2,3,2,1,5,4,3,8,8,2,9,4,4,7,9,8
LEFT,465,503,2563,29,51,UP,490,550,4,3,8,1,2,4,3,6,8,2,9,4,4,7,9,8
FORWARD,465,503,2561,29,51,RIGHT,490,550,4,3,8,1,2,4,3,6,8,2,9,4,4,7,9,8
FORWARD,465,503,2559,30,51,RIGHT,490,550,3,8,4,4,1,3,6,3,8,2,9,4,4,7,9,8
FORWARD,465,503,2558,31,51,RIGHT,490,550,8,4,9,2,2,6,3,9,8,2,9,4,4,7,9,8
RIGHT,465,503,2556,32,51,RIGHT,490,550,4,9,2,1,1,3,9,4,8,2,9,4,4,7,9,8
BASH,465,503,2555,32,51,UP,490,550,4,9,2,1,1,3,9,4,8,2,9,4,4,7,9,8
FORWARD,465,503,2551,32,53,UP,490,550,3,9,4,9,6,3,2,5,8,2,9,4,4,7,9,8
FORWARD,465,503,2549,32,54,UP,490,550,9,1,6,3,5,6,4,7,8,2,9,4,4,7,9,8
BASH,465,503,2545,32,55,UP,490,550,3,2,5,6,7,5,4,6,8,2,9,4,4,7,9,8
BASH,465,503,2537,32,57,UP,490,550,5,4,6,4,8,9,5,5,8,2,9,4,4,7,9,8
LEFT,465,503,2531,32,59,UP,490,550,9,5,5,2,1,6,6,3,8,2,9,4,4,7,9,8
FORWARD,465,503,2529,32,59,RIGHT,490,550,9,5,5,2,1,6,6,3,8,2,9,4,4,7,9,8
BASH,465,503,2528,33,59,RIGHT,490,550,5,5,3,3,3,6,3,4,8,2,9,4,4,7,9,8
BASH,465,503,2524,35,59,RIGHT,490,550,3,7,2,3,5,4,8,3,8,2,9,4,4,7,9,8
BASH,465,503,2518,37,59,RIGHT,490,550,2,1,3,5,6,3,4,8,8,2,9,4,4,7,9,8
FORWARD,465,503,2511,39,59,RIGHT,490,550,3,7,8,6,2,8,2,2,8,2,9,4,4,7,9,8
RIGHT,465,503,2509,40,59,RIGHT,490,550,7,8,2,4,4,2,2,6,8,2,9,4,4,7,9,8
FORWARD,465,503,2508,40,59,UP,490,550,7,8,2,4,4,2,2,6,8,2,9,4,4,7,9,8
LEFT,465,503,2506,40,60,UP,490,550,4,2,4,2,6,2,6,6,8,2,9,4,4,7,9,8
BASH,465,503,2505,40,60,RIGHT,490,550,4,2,4,2,6,2,6,6,8,2,9,4,4,7,9,8
BASH,465,503,2500,42,60,RIGHT,490,550,4,5,6,6,9,6,8,4,8,2,9,4,4,7,9,8
BASH,465,503,2496,44,60,RIGHT,490,550,6,3,1,9,3,4,3,4,8,2,9,4,4,7,9,8
FORWARD,465,503,2491,46,60,RIGHT,490,550,1,4,3,3,1,4,2,3,8,2,9,4,4,7,9,8
RIGHT,465,503,2490,47,60,RIGHT,490,550,4,3,4,2,8,2,3,9,8,2,9,4,4,7,9,8
BASH,465,503,2489,47,60,UP,490,550,4,3,4,2,8,2,3,9,8,2,9,4,4,7,9,8
BASH,465,503,2481,47,62,UP,490,550,2,3,9,3,2,5,5,1,8,2,9,4,4,7,9,8
FORWARD,465,503,2477,47,64,UP,490,550,5,5,1,7,8,3,1,2,8,2,9,4,4,7,9,8
LEFT,465,503,2476,47,65,UP,490,550,7,1,8,3,2,3,9,4,8,2,9,4,4,7,9,8
FORWARD,465,503,2475,47,65,RIGHT,490,550,7,1,8,3,2,3,9,4,8,2,9,4,4,7,9,8
BASH,465,503,2473,48,65,RIGHT,490,550,1,8,6,1,8,9,4,6,8,2,9,4,4,7,9,8
BASH,465,503,2469,50,65,RIGHT,490,550,6,5,2,8,9,6,6,2,8,2,9,4,4,7,9,8
FORWARD,465,503,2464,52,65,RIGHT,490,550,2,9,7,9,6,2,4,3,8,2,9,4,4,7,9,8
BASH,465,503,2458,53,65,RIGHT,490,550,9,7,8,2,8,4,3,8,8,2,9,4,4,7,9,8
RIGHT,465,503,2452,55,65,RIGHT,490,550,8,3,6,8,8,8,5,3,8,2,9,4,4,7,9,8
FORWARD,465,503,2450,55,65,UP,490,550,8,3,6,8,8,8,5,3,8,2,9,4,4,7,9,8
BASH,465,503,2445,55,66,UP,490,550,8,3,8,8,3,3,9,6,8,2,9,4,4,7,9,8
LEFT,465,503,2441,55,68,UP,490,550,3,9,6,9,6,3,5,4,8,2,9,4,4,7,9,8
BASH,465,503,2440,55,68,RIGHT,490,550,3,9,6,9,6,3,5,4,8,2,9,4,4,7,9,8
BASH,465,503,2434,57,68,RIGHT,490,550,6,4,8,6,7,4,9,7,8,2,9,4,4,7,9,8
FORWARD,465,503,2430,59,68,RIGHT,490,550,8,9,3,7,1,7,2,5,8,2,9,4,4,7,9,8
BASH,465,503,2429,60,68,RIGHT,490,550,9,3,8,1,3,2,5,6,8,2,9,4,4,7,9,8
BASH,465,503,2424,62,68,RIGHT,490,550,8,9,1,3,2,6,5,9,8,2,9,4,4,7,9,8
FORWARD,465,503,2420,64,68,RIGHT,490,550,1,1,8,2,2,9,1,8,8,2,9,4,4,7,9,8
RIGHT,465,503,2418,65,68,RIGHT,490,550,1,8,9,1,1,1,8,5,8,2,9,4,4,7,9,8
BASH,465,503,2417,65,68,UP,490,550,1,8,9,1,1,1,8,5,8,2,9,4,4,7,9,8
FORWARD,465,503,2411,65,70,UP,490,550,1,8,5,9,9,6,1,6,8,2,9,4,4,7,9,8
BASH,465,503,2410,65,71,UP,490,550,9,3,9,6,6,1,6,9,8,2,9,4,4,7,9,8
BASH,465,503,2404,65,73,UP,490,550,1,6,9,7,8,7,9,5,8,2,9,4,4,7,9,8
BASH,465,503,2399,65,75,UP,490,550,7,9,5,3,4,6,8,9,8,2,9,4,4,7,9,8
LEFT,465,503,2394,65,77,UP,490,550,6,8,9,3,4,2,5,2,8,2,9,4,4,7,9,8
FORWARD,465,503,2393,65,77,RIGHT,490,550,6,8,9,3,4,2,5,2,8,2,9,4,4,7,9,8
RIGHT,465,503,2389,66,77,RIGHT,490,550,8,9,8,2,6,5,2,2,8,2,9,4,4,7,9,8
FORWARD,465,503,2387,66,77,UP,490,550,8,9,8,2,6,5,2,2,8,2,9,4,4,7,9,8
FORWARD,465,503,2385,66,78,UP,490,550,2,4,6,5,2,8,2,2,8,2,9,4,4,7,9,8
FORWARD,465,503,2383,66,79,UP,490,550,5,2,2,8,2,5,1,1,8,2,9,4,4,7,9,8
LEFT,465,503,2382,66,80,UP,490,550,8,2,2,5,1,5,8,7,8,2,9,4,4,7,9,8
FORWARD,465,503,2381,66,80,RIGHT,490,550,8,2,2,5,1,5,8,7,8,2,9,4,4,7,9,8
RIGHT,465,503,2380,67,80,RIGHT,490,550,2,2,6,1,7,8,7,7,8,2,9,4,4,7,9,8
BASH,465,503,2379,67,80,UP,490,550,2,2,6,1,7,8,7,7,8,2,9,4,4,7,9,8
FORWARD,465,503,2372,67,82,UP,490,550,8,7,7,9,6,9,1,4,8,2,9,4,4,7,9,8
FORWARD,465,503,2371,67,83,UP,490,550,9,4,6,9,4,4,1,8,8,2,9,4,4,7,9,8
FORWARD,465,503,2370,67,84,UP,490,550,9,1,4,4,8,9,4,9,8,2,9,4,4,7,9,8
BASH,465,503,2366,67,85,UP,490,550,4,1,8,9,9,9,4,7,8,2,9,4,4,7,9,8
BASH,465,503,2362,67,87,UP,490,550,9,4,7,5,9,8,8,5,8,2,9,4,4,7,9,8
FORWARD,465,503,2354,67,89,UP,490,550,8,8,5,4,5,4,1,1,8,2,9,4,4,7,9,8
LEFT,465,503,2353,67,90,UP,490,550,4,5,5,4,1,1,7,4,8,2,9,4,4,7,9,8
FORWARD,465,503,2352,67,90,RIGHT,490,550,4,5,5,4,1,1,7,4,8,2,9,4,4,7,9,8
RIGHT,465,503,2351,68,90,RIGHT,490,550,5,5,5,1,8,7,4,1,8,2,9,4,4,7,9,8
FORWARD,465,503,2350,68,90,UP,490,550,5,5,5,1,8,7,4,1,8,2,9,4,4,7,9,8
LEFT,465,503,2346,68,91,UP,490,550,1,1,8,7,1,9,4,3,8,2,9,4,4,7,9,8
FORWARD,465,503,2344,68,91,RIGHT,490,550,1,1,8,7,1,9,4,3,8,2,9,4,4,7,9,8
RIGHT,465,503,2343,69,91,RIGHT,490,550,1,8,8,4,5,4,3,5,8,2,9,4,4,7,9,8
BASH,465,503,2342,69,91,UP,490,550,1,8,8,4,5,4,3,5,8,2,9,4,4,7,9,8
BASH,465,503,2336,69,93,UP,490,550,4,3,5,6,9,9,9,5,8,2,9,4,4,7,9,8
BASH,465,503,2330,69,95,UP,490,550,9,9,5,6,4,7,3,2,8,2,9,4,4,7,9,8
BASH,465,503,2326,69,97,UP,490,550,7,3,2,3,2,2,5,1,8,2,9,4,4,7,9,8
BASH,465,503,2322,69,99,UP,490,550,2,5,1,6,4,1,8,2,8,2,9,4,4,7,9,8
BASH,465,503,2313,69,101,UP,490,550,1,8,2,4,6,4,5,6,8,2,9,4,4,7,9,8
LEFT,465,503,2309,69,103,UP,490,550,4,5,6,5,1,3,9,7,8,2,9,4,4,7,9,8
FORWARD,465,503,2308,69,103,RIGHT,490,550,4,5,6,5,1,3,9,7,8,2,9,4,4,7,9,8
FORWARD,465,503,2307,70,103,RIGHT,490,550,5,6,9,1,3,9,7,6,8,2,9,4,4,7,9,8
RIGHT,465,503,2304,71,103,RIGHT,490,550,6,9,1,1,3,7,6,6,8,2,9,4,4,7,9,8
BASH,465,503,2302,71,103,UP,490,550,6,9,1,1,3,7,6,6,8,2,9,4,4,7,9,8
BASH,465,503,2298,71,105,UP,490,550,7,6,6,6,7,5,3,7,8,2,9,4,4,7,9,8
BASH,465,503,2290,71,107,UP,490,550,5,3,7,8,9,4,5,3,8,2,9,4,4,7,9,8
LEFT,465,503,2285,71,109,UP,490,550,4,5,3,3,2,7,2,6,8,2,9,4,4,7,9,8
FORWARD,465,503,2284,71,109,RIGHT,490,550,4,5,3,3,2,7,2,6,8,2,9,4,4,7,9,8
RIGHT,465,503,2282,72,109,RIGHT,490,550,5,3,1,2,7,2,6,9,8,2,9,4,4,7,9,8
BASH,465,503,2281,72,109,UP,490,550,5,3,1,2,7,2,6,9,8,2,9,4,4,7,9,8
FORWARD,465,503,2277,72,111,UP,490,550,2,6,9,6,4,8,3,7,8,2,9,4,4,7,9,8
LEFT,465,503,2274,72,112,UP,490,550,6,1,4,8,7,8,5,6,8,2,9,4,4,7,9,8
BASH,465,503,2272,72,112,RIGHT,490,550,6,1,4,8,7,8,5,6,8,2,9,4,4,7,9,8
BASH,465,503,2268,74,112,RIGHT,490,550,4,9,6,7,3,6,5,7,8,2,9,4,4,7,9,8
RIGHT,465,503,2264,76,112,RIGHT,490,550,6,9,8,3,5,7,9,7,8,2,9,4,4,7,9,8
BASH,465,503,2263,76,112,UP,490,550,6,9,8,3,5,7,9,7,8,2,9,4,4,7,9,8
LEFT,465,503,2258,76,114,UP,490,550,7,9,7,5,5,2,9,3,8,2,9,4,4,7,9,8
BASH,465,503,2257,76,114,RIGHT,490,550,7,9,7,5,5,2,9,3,8,2,9,4,4,7,9,8
RIGHT,465,503,2253,78,114,RIGHT,490,550,7,4,4,5,8,3,6,9,8,2,9,4,4,7,9,8
BASH,465,503,2252,78,114,UP,490,550,7,4,4,5,8,3,6,9,8,2,9,4,4,7,9,8
BASH,465,503,2247,78,116,UP,490,550,3,6,9,7,3,3,6,1,8,2,9,4,4,7,9,8
FORWARD,465,503,2240,78,118,UP,490,550,3,6,1,9,2,6,2,9,8,2,9,4,4,7,9,8
BASH,465,503,2238,78,119,UP,490,550,9,4,2,6,9,5,5,1,8,2,9,4,4,7,9,8
BASH,465,503,2231,78,121,UP,490,550,5,5,1,5,8,2,7,5,8,2,9,4,4,7,9,8
BASH,465,503,2227,78,123,UP,490,550,2,7,5,7,6,8,7,8,8,2,9,4,4,7,9,8
FORWARD,465,503,2219,78,125,UP,490,550,8,7,8,7,8,7,2,3,8,2,9,4,4,7,9,8
FORWARD,465,503,2217,78,126,UP,490,550,7,5,8,7,3,1,3,7,8,2,9,4,4,7,9,8
BASH,465,503,2214,78,127,UP,490,550,7,2,3,1,7,6,3,5,8,2,9,4,4,7,9,8
FORWARD,465,503,2210,78,129,UP,490,550,6,3,5,3,7,6,1,6,8,2,9,4,4,7,9,8
BASH,465,503,2209,78,130,UP,490,550,3,1,7,6,6,8,9,4,8,2,9,4,4,7,9,8
BASH,465,503,2205,78,132,UP,490,550,8,9,4,8,7,1,5,6,8,2,9,4,4,7,9,8
FORWARD,465,503,2200,78,134,UP,490,550,1,5,6,3,3,8,3,4,8,2,9,4,4,7,9,8
BASH,465,503,2197,78,135,UP,490,550,3,2,3,8,4,4,5,9,8,2,9,4,4,7,9,8
LEFT,465,503,2192,78,137,UP,490,550,4,5,9,4,4,8,9,7,8,2,9,4,4,7,9,8
FORWARD,465,503,2191,78,137,RIGHT,490,550,4,5,9,4,4,8,9,7,8,2,9,4,4,7,9,8
BASH,465,503,2187,79,137,RIGHT,490,550,5,9,5,2,9,9,7,2,8,2,9,4,4,7,9,8
FORWARD,465,503,2182,81,137,RIGHT,490,550,5,6,7,9,1,2,2,5,8,2,9,4,4,7,9,8
BASH,465,503,2181,82,137,RIGHT,490,550,6,7,6,2,7,2,5,5,8,2,9,4,4,7,9,8
RIGHT,465,503,2177,84,137,RIGHT,490,550,6,5,8,7,6,5,6,5,8,2,9,4,4,7,9,8
BASH,465,503,2176,84,137,UP,490,550,6,5,8,7,6,5,6,5,8,2,9,4,4,7,9,8
BASH,465,503,2169,84,139,UP,490,550,5,6,5,4,6,1,5,3,8,2,9,4,4,7,9,8
FORWARD,465,503,2163,84,141,UP,490,550,1,5,3,4,9,1,4,4,8,2,9,4,4,7,9,8
LEFT,465,503,2159,84,142,UP,490,550,4,3,9,1,4,6,6,9,8,2,9,4,4,7,9,8
BASH,465,503,2157,84,142,RIGHT,490,550,4,3,9,1,4,6,6,9,8,2,9,4,4,7,9,8
BASH,465,503,2152,86,142,RIGHT,490,550,9,9,4,4,8,9,6,7,8,2,9,4,4,7,9,8
RIGHT,465,503,2148,88,142,RIGHT,490,550,4,2,7,8,4,7,6,7,8,2,9,4,4,7,9,8
BASH,465,503,2147,88,142,UP,490,550,4,2,7,8,4,7,6,7,8,2,9,4,4,7,9,8
BASH,465,503,2139,88,144,UP,490,550,7,6,7,4,5,9,8,4,8,2,9,4,4,7,9,8
FORWARD,465,503,2134,88,146,UP,490,550,9,8,4,4,6,3,1,5,8,2,9,4,4,7,9,8
BASH,465,503,2133,88,147,UP,490,550,4,2,6,3,5,7,7,7,8,2,9,4,4,7,9,8
BASH,465,503,2126,88,149,UP,490,550,7,7,7,7,9,4,5,2,8,2,9,4,4,7,9,8
BASH,465,503,2118,88,151,UP,490,550,4,5,2,8,7,6,4,3,8,2,9,4,4,7,9,8
BASH,465,503,2113,88,153,UP,490,550,6,4,3,2,9,4,9,4,8,2,9,4,4,7,9,8
LEFT,465,503,2109,88,155,UP,490,550,4,9,4,5,8,7,8,4,8,2,9,4,4,7,9,8
BASH,465,503,2108,88,155,RIGHT,490,550,4,9,4,5,8,7,8,4,8,2,9,4,4,7,9,8
BASH,465,503,2102,90,155,RIGHT,490,550,4,5,3,8,8,4,9,2,8,2,9,4,4,7,9,8
BASH,465,503,2096,92,155,RIGHT,490,550,3,4,6,8,4,2,2,3,8,2,9,4,4,7,9,8
RIGHT,465,503,2091,94,155,RIGHT,490,550,6,3,6,4,6,3,8,9,8,2,9,4,4,7,9,8
BASH,465,503,2090,94,155,UP,490,550,6,3,6,4,6,3,8,9,8,2,9,4,4,7,9,8
LEFT,465,503,2086,94,157,UP,490,550,3,8,9,5,8,6,5,8,8,2,9,4,4,7,9,8
BASH,465,503,2085,94,157,RIGHT,490,550,3,8,9,5,8,6,5,8,8,2,9,4,4,7,9,8
FORWARD,465,503,2080,96,157,RIGHT,490,550,9,8,9,8,2,8,2,3,8,2,9,4,4,7,9,8
BASH,465,503,2078,97,157,RIGHT,490,550,8,9,3,2,8,2,3,3,8,2,9,4,4,7,9,8
BASH,465,503,2074,99,157,RIGHT,490,550,3,5,2,8,3,3,2,5,8,2,9,4,4,7,9,8
BASH,465,503,2070,101,157,RIGHT,490,550,2,6,4,3,4,5,6,5,8,2,9,4,4,7,9,8
RIGHT,465,503,2066,103,157,RIGHT,490,550,4,6,1,4,7,5,2,9,8,2,9,4,4,7,9,8
FORWARD,465,503,2065,103,157,UP,490,550,4,6,1,4,7,5,2,9,8,2,9,4,4,7,9,8
LEFT,465,503,2063,103,158,UP,490,550,4,1,7,5,9,2,9,4,8,2,9,4,4,7,9,8
BASH,465,503,2062,103,158,RIGHT,490,550,4,1,7,5,9,2,9,4,8,2,9,4,4,7,9,8
RIGHT,465,503,2058,105,158,RIGHT,490,550,7,4,1,9,6,4,2,3,8,2,9,4,4,7,9,8
BASH,465,503,2057,105,158,UP,490,550,7,4,1,9,6,4,2,3,8,2,9,4,4,7,9,8
BASH,465,503,2053,105,160,UP,490,550,4,2,3,8,2,6,5,4,8,2,9,4,4,7,9,8
BASH,465,503,2047,105,162,UP,490,550,6,5,4,6,2,9,9,5,8,2,9,4,4,7,9,8
FORWARD,465,503,2041,105,164,UP,490,550,9,9,5,3,6,4,1,9,8,2,9,4,4,7,9,8
LEFT,465,503,2040,105,165,UP,490,550,3,3,6,4,9,3,9,7,8,2,9,4,4,7,9,8
BASH,465,503,2039,105,165,RIGHT,490,550,3,3,6,4,9,3,9,7,8,2,9,4,4,7,9,8
FORWARD,465,503,2034,107,165,RIGHT,490,550,6,5,5,9,2,7,7,8,8,2,9,4,4,7,9,8
RIGHT,465,503,2032,108,165,RIGHT,490,550,5,5,9,2,2,7,8,7,8,2,9,4,4,7,9,8
BASH,465,503,2031,108,165,UP,490,550,5,5,9,2,2,7,8,7,8,2,9,4,4,7,9,8
FORWARD,465,503,2025,108,167,UP,490,550,7,8,7,4,5,8,2,4,8,2,9,4,4,7,9,8
BASH,465,503,2023,108,168,UP,490,550,4,3,5,8,4,9,9,2,8,2,9,4,4,7,9,8
BASH,465,503,2019,108,170,UP,490,550,9,9,2,1,1,1,2,7,8,2,9,4,4,7,9,8
BASH,465,503,2015,108,172,UP,490,550,1,2,7,4,1,3,6,8,8,2,9,4,4,7,9,8
FORWARD,465,503,2010,108,174,UP,490,550,3,6,8,9,8,8,1,6,8,2,9,4,4,7,9,8
FORWARD,465,503,2009,108,175,UP,490,550,9,2,8,8,6,7,4,4,8,2,9,4,4,7,9,8
BASH,465,503,2005,108,176,UP,490,550,8,1,6,7,4,3,7,8,8,2,9,4,4,7,9,8
BASH,465,503,2001,108,178,UP,490,550,3,7,8,5,1,1,8,6,8,2,9,4,4,7,9,8
FORWARD,465,503,1997,108,180,UP,490,550,1,8,6,9,3,3,5,4,8,2,9,4,4,7,9,8
BASH,465,503,1992,108,181,UP,490,550,9,1,3,3,4,1,8,8,8,2,9,4,4,7,9,8
BASH,465,503,1985,108,183,UP,490,550,1,8,8,6,7,2,5,3,8,2,9,4,4,7,9,8
LEFT,465,503,1981,108,185,UP,490,550,2,5,3,5,5,1,5,3,8,2,9,4,4,7,9,8
BASH,465,503,1980,108,185,RIGHT,490,550,2,5,3,5,5,1,5,3,8,2,9,4,4,7,9,8
BASH,465,503,1976,110,185,RIGHT,490,550,3,1,6,5,9,3,5,6,8,2,9,4,4,7,9,8
FORWARD,465,503,1971,112,185,RIGHT,490,550,6,6,6,9,3,6,8,3,8,2,9,4,4,7,9,8
BASH,465,503,1968,113,185,RIGHT,490,550,6,6,8,2,7,8,3,8,8,2,9,4,4,7,9,8
FORWARD,465,503,1963,115,185,RIGHT,490,550,8,3,8,7,3,8,7,5,8,2,9,4,4,7,9,8
BASH,465,503,1960,116,185,RIGHT,490,550,3,8,6,2,4,7,5,5,8,2,9,4,4,7,9,8
BASH,465,503,1956,118,185,RIGHT,490,550,6,3,4,4,9,5,4,4,8,2,9,4,4,7,9,8
FORWARD,465,503,1952,120,185,RIGHT,490,550,4,2,9,9,1,4,1,7,8,2,9,4,4,7,9,8
FORWARD,465,503,1951,121,185,RIGHT,490,550,2,9,3,1,2,1,7,7,8,2,9,4,4,7,9,8
BASH,465,503,1949,122,185,RIGHT,490,550,9,3,1,1,4,7,7,1,8,2,9,4,4,7,9,8
BASH,465,503,1940,124,185,RIGHT,490,550,1,3,8,4,9,1,4,1,8,2,9,4,4,7,9,8
BASH,465,503,1935,126,185,RIGHT,490,550,8,3,9,9,9,1,4,6,8,2,9,4,4,7,9,8
FORWARD,465,503,1931,128,185,RIGHT,490,550,9,2,6,9,4,6,5,6,8,2,9,4,4,7,9,8
BASH,465,503,1927,129,185,RIGHT,490,550,2,6,6,1,5,5,6,1,8,2,9,4,4,7,9,8
RIGHT,465,503,1923,131,185,RIGHT,490,550,6,3,8,5,4,1,1,9,8,2,9,4,4,7,9,8
FORWARD,465,503,1922,131,185,UP,490,550,6,3,8,5,4,1,1,9,8,2,9,4,4,7,9,8
BASH,465,503,1921,131,186,UP,490,550,5,1,4,1,9,1,7,3,8,2,9,4,4,7,9,8
BASH,465,503,1916,131,188,UP,490,550,1,7,3,1,4,7,7,8,8,2,9,4,4,7,9,8
BASH,465,503,1907,131,190,UP,490,550,7,7,8,6,4,6,9,8,8,2,9,4,4,7,9,8
LEFT,465,503,1903,131,192,UP,490,550,6,9,8,7,8,2,5,2,8,2,9,4,4,7,9,8
BASH,465,503,1902,131,192,RIGHT,490,550,6,9,8,7,8,2,5,2,8,2,9,4,4,7,9,8
FORWARD,465,503,1896,133,192,RIGHT,490,550,8,3,8,8,1,2,1,5,8,2,9,4,4,7,9,8
BASH,465,503,1895,134,192,RIGHT,490,550,3,8,5,3,9,1,5,6,8,2,9,4,4,7,9,8
BASH,465,503,1890,136,192,RIGHT,490,550,5,2,3,9,3,6,3,4,8,2,9,4,4,7,9,8
BASH,465,503,1886,138,192,RIGHT,490,550,3,1,1,3,5,4,9,2,8,2,9,4,4,7,9,8
FORWARD,465,503,1880,140,192,RIGHT,490,550,1,7,3,5,2,2,9,5,8,2,9,4,4,7,9,8
BASH,465,503,1878,141,192,RIGHT,490,550,7,3,3,3,3,9,5,1,8,2,9,4,4,7,9,8
RIGHT,465,503,1874,143,192,RIGHT,490,550,3,1,7,3,1,1,6,7,8,2,9,4,4,7,9,8
BASH,465,503,1873,143,192,UP,490,550,3,1,7,3,1,1,6,7,8,2,9,4,4,7,9,8
LEFT,465,503,1869,143,194,UP,490,550,1,6,7,1,8,1,4,4,8,2,9,4,4,7,9,8
BASH,465,503,1868,143,194,RIGHT,490,550,1,6,7,1,8,1,4,4,8,2,9,4,4,7,9,8
FORWARD,465,503,1864,145,194,RIGHT,490,550,7,2,7,8,1,4,5,6,8,2,9,4,4,7,9,8
FORWARD,465,503,1863,146,194,RIGHT,490,550,2,7,3,1,4,5,6,5,8,2,9,4,4,7,9,8
BASH,465,503,1859,147,194,RIGHT,490,550,7,3,8,1,5,6,5,9,8,2,9,4,4,7,9,8
RIGHT,465,503,1855,149,194,RIGHT,490,550,8,3,3,5,5,9,6,7,8,2,9,4,4,7,9,8
BASH,465,503,1854,149,194,UP,490,550,8,3,3,5,5,9,6,7,8,2,9,4,4,7,9,8
BASH,465,503,1850,149,196,UP,490,550,9,6,7,8,2,2,5,3,8,2,9,4,4,7,9,8
FORWARD,465,503,1846,149,198,UP,490,550,2,5,3,6,7,3,4,5,8,2,9,4,4,7,9,8
LEFT,465,503,1842,149,199,UP,490,550,6,1,7,3,5,7,4,4,8,2,9,4,4,7,9,8
BASH,465,503,1840,149,199,RIGHT,490,550,6,1,7,3,5,7,4,4,8,2,9,4,4,7,9,8
RIGHT,465,503,1835,151,199,RIGHT,490,550,7,8,6,5,2,4,2,2,8,2,9,4,4,7,9,8
FORWARD,465,503,1834,151,199,UP,490,550,7,8,6,5,2,4,2,2,8,2,9,4,4,7,9,8
FORWARD,465,503,1832,151,200,UP,490,550,5,2,2,4,2,3,1,9,8,2,9,4,4,7,9,8
LEFT,465,503,1831,151,201,UP,490,550,4,2,2,3,9,7,7,5,8,2,9,4,4,7,9,8
BASH,465,503,1830,151,201,RIGHT,490,550,4,2,2,3,9,7,7,5,8,2,9,4,4,7,9,8
FORWARD,465,503,1826,153,201,RIGHT,490,550,2,7,6,9,1,5,1,7,8,2,9,4,4,7,9,8
RIGHT,465,503,1825,154,201,RIGHT,490,550,7,6,8,1,5,1,7,6,8,2,9,4,4,7,9,8
BASH,465,503,1824,154,201,UP,490,550,7,6,8,1,5,1,7,6,8,2,9,4,4,7,9,8
FORWARD,465,503,1819,154,203,UP,490,550,1,7,6,6,6,3,1,1,8,2,9,4,4,7,9,8
LEFT,465,503,1818,154,204,UP,490,550,6,2,6,3,1,5,8,9,8,2,9,4,4,7,9,8
FORWARD,465,503,1817,154,204,RIGHT,490,550,6,2,6,3,1,5,8,9,8,2,9,4,4,7,9,8
FORWARD,465,503,1816,155,204,RIGHT,490,550,2,6,9,1,1,8,9,2,8,2,9,4,4,7,9,8
RIGHT,465,503,1815,156,204,RIGHT,490,550,6,9,4,1,7,9,2,4,8,2,9,4,4,7,9,8
FORWARD,465,503,1814,156,204,UP,490,550,6,9,4,1,7,9,2,4,8,2,9,4,4,7,9,8
LEFT,465,503,1812,156,205,UP,490,550,1,1,7,9,4,8,5,3,8,2,9,4,4,7,9,8
FORWARD,465,503,1811,156,205,RIGHT,490,550,1,1,7,9,4,8,5,3,8,2,9,4,4,7,9,8
BASH,465,503,1807,157,205,RIGHT,490,550,1,7,7,2,7,5,3,9,8,2,9,4,4,7,9,8
FORWARD,465,503,1801,159,205,RIGHT,490,550,7,9,3,7,1,9,5,9,8,2,9,4,4,7,9,8
RIGHT,465,503,1800,160,205,RIGHT,490,550,9,3,5,3,6,5,9,4,8,2,9,4,4,7,9,8
BASH,465,503,1799,160,205,UP,490,550,9,3,5,3,6,5,9,4,8,2,9,4,4,7,9,8
LEFT,465,503,1794,160,207,UP,490,550,5,9,4,6,7,2,6,9,8,2,9,4,4,7,9,8
BASH,465,503,1793,160,207,RIGHT,490,550,5,9,4,6,7,2,6,9,8,2,9,4,4,7,9,8
BASH,465,503,1789,162,207,RIGHT,490,550,4,9,8,7,9,9,3,9,8,2,9,4,4,7,9,8
RIGHT,465,503,1784,164,207,RIGHT,490,550,8,7,5,9,5,9,7,6,8,2,9,4,4,7,9,8
BASH,465,503,1783,164,207,UP,490,550,8,7,5,9,5,9,7,6,8,2,9,4,4,7,9,8
FORWARD,465,503,1777,164,209,UP,490,550,9,7,6,6,9,6,2,1,8,2,9,4,4,7,9,8
LEFT,465,503,1775,164,210,UP,490,550,6,3,9,6,1,7,5,7,8,2,9,4,4,7,9,8
FORWARD,465,503,1774,164,210,RIGHT,490,550,6,3,9,6,1,7,5,7,8,2,9,4,4,7,9,8
BASH,465,503,1773,165,210,RIGHT,490,550,3,9,3,2,6,5,7,6,8,2,9,4,4,7,9,8
BASH,465,503,1768,167,210,RIGHT,490,550,3,9,8,6,8,6,2,4,8,2,9,4,4,7,9,8
BASH,465,503,1764,169,210,RIGHT,490,550,8,7,2,8,5,4,1,4,8,2,9,4,4,7,9,8
FORWARD,465,503,1759,171,210,RIGHT,490,550,2,2,8,5,2,4,4,1,8,2,9,4,4,7,9,8
FORWARD,465,503,1757,172,210,RIGHT,490,550,2,8,8,2,3,4,1,7,8,2,9,4,4,7,9,8
BASH,465,503,1754,173,210,RIGHT,490,550,8,8,1,2,6,1,7,4,8,2,9,4,4,7,9,8
FORWARD,465,503,1747,175,210,RIGHT,490,550,1,4,6,6,2,4,4,4,8,2,9,4,4,7,9,8
BASH,465,503,1745,176,210,RIGHT,490,550,4,6,2,4,4,4,4,9,8,2,9,4,4,7,9,8
BASH,465,503,1740,178,210,RIGHT,490,550,2,1,8,4,5,9,7,3,8,2,9,4,4,7,9,8
BASH,465,503,1734,180,210,RIGHT,490,550,8,8,9,5,7,3,1,9,8,2,9,4,4,7,9,8
BASH,465,503,1730,182,210,RIGHT,490,550,9,3,6,7,7,9,6,5,8,2,9,4,4,7,9,8
BASH,465,503,1726,184,210,RIGHT,490,550,6,6,7,7,7,5,8,9,8,2,9,4,4,7,9,8
BASH,465,503,1721,186,210,RIGHT,490,550,7,7,4,7,6,9,8,2,8,2,9,4,4,7,9,8
FORWARD,465,503,1715,188,210,RIGHT,490,550,4,7,8,6,2,2,2,9,8,2,9,4,4,7,9,8
BASH,465,503,1713,189,210,RIGHT,490,550,7,8,5,3,8,2,9,7,8,2,9,4,4,7,9,8
BASH,465,503,1707,191,210,RIGHT,490,550,5,1,9,8,4,7,6,5,8,2,9,4,4,7,9,8
FORWARD,465,503,1702,193,210,RIGHT,490,550,9,3,7,4,2,5,2,4,8,2,9,4,4,7,9,8
BASH,465,503,1700,194,210,RIGHT,490,550,3,7,2,2,6,2,4,7,8,2,9,4,4,7,9,8
BASH,465,503,1696,196,210,RIGHT,490,550,2,9,4,6,8,7,3,6,8,2,9,4,4,7,9,8
FORWARD,465,503,1689,198,210,RIGHT,490,550,4,6,2,8,1,6,1,3,8,2,9,4,4,7,9,8
RIGHT,465,503,1688,199,210,RIGHT,490,550,6,2,6,4,6,1,3,6,8,2,9,4,4,7,9,8
BASH,465,503,1687,199,210,UP,490,550,6,2,6,4,6,1,3,6,8,2,9,4,4,7,9,8
LEFT,465,503,1682,199,212,UP,490,550,1,3,6,1,3,7,5,4,8,2,9,4,4,7,9,8
BASH,465,503,1681,199,212,RIGHT,490,550,1,3,6,1,3,7,5,4,8,2,9,4,4,7,9,8
RIGHT,465,503,1676,201,212,RIGHT,490,550,6,6,8,3,5,4,2,9,8,2,9,4,4,7,9,8
FORWARD,465,503,1675,201,212,UP,490,550,6,6,8,3,5,4,2,9,8,2,9,4,4,7,9,8
FORWARD,465,503,1673,201,213,UP,490,550,3,2,5,4,9,5,2,3,8,2,9,4,4,7,9,8
BASH,465,503,1671,201,214,UP,490,550,4,2,9,5,3,9,4,4,8,2,9,4,4,7,9,8
BASH,465,503,1666,201,216,UP,490,550,9,4,4,5,9,9,7,7,8,2,9,4,4,7,9,8
FORWARD,465,503,1660,201,218,UP,490,550,9,7,7,5,9,2,1,1,8,2,9,4,4,7,9,8
FORWARD,465,503,1659,201,219,UP,490,550,5,3,9,2,1,2,1,1,8,2,9,4,4,7,9,8
LEFT,465,503,1658,201,220,UP,490,550,2,1,1,2,1,7,6,6,8,2,9,4,4,7,9,8
FORWARD,465,503,1657,201,220,RIGHT,490,550,2,1,1,2,1,7,6,6,8,2,9,4,4,7,9,8
FORWARD,465,503,1656,202,220,RIGHT,490,550,1,1,1,1,3,6,6,9,8,2,9,4,4,7,9,8
BASH,465,503,1653,203,220,RIGHT,490,550,1,1,4,1,8,6,9,6,8,2,9,4,4,7,9,8
FORWARD,465,503,1647,205,220,RIGHT,490,550,4,7,4,8,2,6,6,6,8,2,9,4,4,7,9,8
FORWARD,465,503,1645,206,220,RIGHT,490,550,7,4,7,3,1,6,6,9,8,2,9,4,4,7,9,8
RIGHT,465,503,1644,207,220,RIGHT,490,550,4,7,9,2,4,6,9,9,8,2,9,4,4,7,9,8
BASH,465,503,1643,207,220,UP,490,550,4,7,9,2,4,6,9,9,8,2,9,4,4,7,9,8
FORWARD,465,503,1636,207,222,UP,490,550,6,9,9,3,2,4,2,2,8,2,9,4,4,7,9,8
LEFT,465,503,1634,207,223,UP,490,550,3,4,2,4,2,3,4,1,8,2,9,4,4,7,9,8
FORWARD,465,503,1633,207,223,RIGHT,490,550,3,4,2,4,2,3,4,1,8,2,9,4,4,7,9,8
BASH,465,503,1631,208,223,RIGHT,490,550,4,2,2,2,5,4,1,3,8,2,9,4,4,7,9,8
FORWARD,465,503,1627,210,223,RIGHT,490,550,2,5,5,5,2,3,1,8,8,2,9,4,4,7,9,8
FORWARD,465,503,1625,211,223,RIGHT,490,550,5,5,9,1,1,1,8,4,8,2,9,4,4,7,9,8
RIGHT,465,503,1624,212,223,RIGHT,490,550,5,9,9,2,5,8,4,9,8,2,9,4,4,7,9,8
BASH,465,503,1623,212,223,UP,490,550,5,9,9,2,5,8,4,9,8,2,9,4,4,7,9,8
LEFT,465,503,1619,212,225,UP,490,550,8,4,9,3,2,9,1,7,8,2,9,4,4,7,9,8
FORWARD,465,503,1618,212,225,RIGHT,490,550,8,4,9,3,2,9,1,7,8,2,9,4,4,7,9,8
FORWARD,465,503,1616,213,225,RIGHT,490,550,4,9,9,1,3,1,7,5,8,2,9,4,4,7,9,8
BASH,465,503,1613,214,225,RIGHT,490,550,9,9,9,2,4,7,5,7,8,2,9,4,4,7,9,8
BASH,465,503,1608,216,225,RIGHT,490,550,9,2,7,4,5,7,9,9,8,2,9,4,4,7,9,8
RIGHT,465,503,1602,218,225,RIGHT,490,550,7,9,7,5,4,9,2,1,8,2,9,4,4,7,9,8
FORWARD,465,503,1600,218,225,UP,490,550,7,9,7,5,4,9,2,1,8,2,9,4,4,7,9,8
LEFT,465,503,1598,218,226,UP,490,550,5,3,4,9,1,8,7,7,8,2,9,4,4,7,9,8
FORWARD,465,503,1597,218,226,RIGHT,490,550,5,3,4,9,1,8,7,7,8,2,9,4,4,7,9,8
BASH,465,503,1596,219,226,RIGHT,490,550,3,4,9,2,7,7,7,3,8,2,9,4,4,7,9,8
BASH,465,503,1592,221,226,RIGHT,490,550,9,3,5,7,5,3,6,3,8,2,9,4,4,7,9,8
BASH,465,503,1586,223,226,RIGHT,490,550,5,8,6,5,4,3,5,4,8,2,9,4,4,7,9,8
BASH,465,503,1581,225,226,RIGHT,490,550,6,2,5,4,3,4,3,7,8,2,9,4,4,7,9,8
FORWARD,465,503,1577,227,226,RIGHT,490,550,5,7,4,3,1,7,7,3,8,2,9,4,4,7,9,8
FORWARD,465,503,1576,228,226,RIGHT,490,550,7,4,8,1,2,7,3,8,8,2,9,4,4,7,9,8
BASH,465,503,1574,229,226,RIGHT,490,550,4,8,5,1,9,3,8,8,8,2,9,4,4,7,9,8
RIGHT,465,503,1568,231,226,RIGHT,490,550,5,1,9,9,6,8,3,4,8,2,9,4,4,7,9,8
BASH,465,503,1566,231,226,UP,490,550,5,1,9,9,6,8,3,4,8,2,9,4,4,7,9,8
LEFT,465,503,1562,231,228,UP,490,550,8,3,4,8,1,9,4,2,8,2,9,4,4,7,9,8
FORWARD,465,503,1561,231,228,RIGHT,490,550,8,3,4,8,1,9,4,2,8,2,9,4,4,7,9,8
BASH,465,503,1560,232,228,RIGHT,490,550,3,4,7,1,9,4,2,5,8,2,9,4,4,7,9,8
RIGHT,465,503,1552,234,228,RIGHT,490,550,7,5,4,9,9,5,7,7,8,2,9,4,4,7,9,8
BASH,465,503,1549,234,228,UP,490,550,7,5,4,9,9,5,7,7,8,2,9,4,4,7,9,8
BASH,465,503,1545,234,230,UP,490,550,5,7,7,5,9,3,6,9,8,2,9,4,4,7,9,8
BASH,465,503,1539,234,232,UP,490,550,3,6,9,9,2,9,7,5,8,2,9,4,4,7,9,8
LEFT,465,503,1534,234,234,UP,490,550,9,7,5,8,3,8,5,7,8,2,9,4,4,7,9,8
FORWARD,465,503,1533,234,234,RIGHT,490,550,9,7,5,8,3,8,5,7,8,2,9,4,4,7,9,8
RIGHT,465,503,1530,235,234,RIGHT,490,550,7,5,7,2,7,5,7,9,8,2,9,4,4,7,9,8
BASH,465,503,1528,235,234,UP,490,550,7,5,7,2,7,5,7,9,8,2,9,4,4,7,9,8
BASH,465,503,1524,235,236,UP,490,550,5,7,9,8,4,2,9,7,8,2,9,4,4,7,9,8
BASH,465,503,1519,235,238,UP,490,550,2,9,7,9,7,8,5,3,8,2,9,4,4,7,9,8
BASH,465,503,1515,235,240,UP,490,550,8,5,3,3,4,2,5,2,8,2,9,4,4,7,9,8
LEFT,465,503,1510,235,242,UP,490,550,2,5,2,4,2,7,9,4,8,2,9,4,4,7,9,8
FORWARD,465,503,1509,235,242,RIGHT,490,550,2,5,2,4,2,7,9,4,8,2,9,4,4,7,9,8
BASH,465,503,1507,236,242,RIGHT,490,550,5,2,4,2,3,9,4,4,8,2,9,4,4,7,9,8
BASH,465,503,1502,238,242,RIGHT,490,550,4,7,8,3,9,4,9,8,8,2,9,4,4,7,9,8
BASH,465,503,1497,240,242,RIGHT,490,550,8,5,7,9,5,8,6,2,8,2,9,4,4,7,9,8
BASH,465,503,1493,242,242,RIGHT,490,550,7,6,1,5,9,2,8,9,8,2,9,4,4,7,9,8
RIGHT,465,503,1488,244,242,RIGHT,490,550,1,6,5,9,7,9,5,2,8,2,9,4,4,7,9,8
BASH,465,503,1487,244,242,UP,490,550,1,6,5,9,7,9,5,2,8,2,9,4,4,7,9,8
LEFT,465,503,1483,244,244,UP,490,550,9,5,2,8,7,9,7,1,8,2,9,4,4,7,9,8
BASH,465,503,1482,244,244,RIGHT,490,550,9,5,2,8,7,9,7,1,8,2,9,4,4,7,9,8
RIGHT,465,503,1477,246,244,RIGHT,490,550,2,5,9,7,3,1,2,5,8,2,9,4,4,7,9,8
FORWARD,465,503,1476,246,244,UP,490,550,2,5,9,7,3,1,2,5,8,2,9,4,4,7,9,8
LEFT,465,503,1474,246,245,UP,490,550,7,2,3,1,5,3,7,1,8,2,9,4,4,7,9,8
BASH,465,503,1473,246,245,RIGHT,490,550,7,2,3,1,5,3,7,1,8,2,9,4,4,7,9,8
BASH,465,503,1469,248,245,RIGHT,490,550,3,7,8,5,5,1,8,6,8,2,9,4,4,7,9,8
BASH,465,503,1463,250,245,RIGHT,490,550,8,8,6,5,7,6,2,8,8,2,9,4,4,7,9,8
FORWARD,465,503,1457,252,245,RIGHT,490,550,6,5,4,7,3,8,6,4,8,2,9,4,4,7,9,8
BASH,465,503,1454,253,245,RIGHT,490,550,5,4,3,3,7,6,4,4,8,2,9,4,4,7,9,8
RIGHT,465,503,1449,255,245,RIGHT,490,550,3,4,2,7,7,4,8,4,8,2,9,4,4,7,9,8
BASH,465,503,1448,255,245,UP,490,550,3,4,2,7,7,4,8,4,8,2,9,4,4,7,9,8
LEFT,465,503,1443,255,247,UP,490,550,4,8,4,3,3,5,4,6,8,2,9,4,4,7,9,8
BASH,465,503,1442,255,247,RIGHT,490,550,4,8,4,3,3,5,4,6,8,2,9,4,4,7,9,8
RIGHT,465,503,1438,257,247,RIGHT,490,550,4,6,9,3,1,6,5,3,8,2,9,4,4,7,9,8
BASH,465,503,1437,257,247,UP,490,550,4,6,9,3,1,6,5,3,8,2,9,4,4,7,9,8
BASH,465,503,1432,257,249,UP,490,550,6,5,3,9,6,1,7,1,8,2,9,4,4,7,9,8
FORWARD,465,503,1428,257,251,UP,490,550,1,7,1,7,9,1,1,9,8,2,9,4,4,7,9,8
BASH,465,503,1427,257,252,UP,490,550,7,1,9,1,9,3,8,8,8,2,9,4,4,7,9,8
FORWARD,465,503,1419,257,254,UP,490,550,3,8,8,5,5,8,1,6,8,2,9,4,4,7,9,8
BASH,465,503,1418,257,255,UP,490,550,5,5,5,8,6,4,8,3,8,2,9,4,4,7,9,8
BASH,465,503,1414,257,257,UP,490,550,4,8,3,2,5,1,6,2,8,2,9,4,4,7,9,8
FORWARD,465,503,1407,257,259,UP,490,550,1,6,2,5,7,4,1,6,8,2,9,4,4,7,9,8
LEFT,465,503,1406,257,260,UP,490,550,5,4,7,4,6,3,7,6,8,2,9,4,4,7,9,8
BASH,465,503,1405,257,260,RIGHT,490,550,5,4,7,4,6,3,7,6,8,2,9,4,4,7,9,8
BASH,465,503,1401,259,260,RIGHT,490,550,7,8,3,6,8,6,8,3,8,2,9,4,4,7,9,8
RIGHT,465,503,1395,261,260,RIGHT,490,550,3,4,6,8,7,3,4,4,8,2,9,4,4,7,9,8
FORWARD,465,503,1393,261,260,UP,490,550,3,4,6,8,7,3,4,4,8,2,9,4,4,7,9,8
BASH,465,503,1389,261,261,UP,490,550,8,3,7,3,4,1,9,3,8,2,9,4,4,7,9,8
BASH,465,503,1385,261,263,UP,490,550,1,9,3,4,7,9,2,5,8,2,9,4,4,7,9,8
FORWARD,465,503,1381,261,265,UP,490,550,9,2,5,5,2,5,2,3,8,2,9,4,4,7,9,8
BASH,465,503,1379,261,266,UP,490,550,5,1,2,5,3,6,4,9,8,2,9,4,4,7,9,8
BASH,465,503,1375,261,268,UP,490,550,6,4,9,7,4,8,8,9,8,2,9,4,4,7,9,8
LEFT,465,503,1370,261,270,UP,490,550,8,8,9,9,7,7,8,9,8,2,9,4,4,7,9,8
BASH,465,503,1369,261,270,RIGHT,490,550,8,8,9,9,7,7,8,9,8,2,9,4,4,7,9,8
RIGHT,465,503,1365,263,270,RIGHT,490,550,9,4,4,7,9,9,6,3,8,2,9,4,4,7,9,8
BASH,465,503,1364,263,270,UP,490,550,9,4,4,7,9,9,6,3,8,2,9,4,4,7,9,8
BASH,465,503,1359,263,272,UP,490,550,9,6,3,4,1,4,3,2,8,2,9,4,4,7,9,8
BASH,465,503,1355,263,274,UP,490,550,4,3,2,3,2,1,6,5,8,2,9,4,4,7,9,8
BASH,465,503,1351,263,276,UP,490,550,1,6,5,4,4,7,4,9,8,2,9,4,4,7,9,8
FORWARD,465,503,1347,263,278,UP,490,550,7,4,9,2,1,8,2,6,8,2,9,4,4,7,9,8
FORWARD,465,503,1345,263,279,UP,490,550,2,1,1,8,6,3,3,6,8,2,9,4,4,7,9,8
BASH,465,503,1342,263,280,UP,490,550,8,2,6,3,6,4,7,1,8,2,9,4,4,7,9,8
LEFT,465,503,1337,263,282,UP,490,550,4,7,1,6,1,1,3,2,8,2,9,4,4,7,9,8
FORWARD,465,503,1336,263,282,RIGHT,490,550,4,7,1,6,1,1,3,2,8,2,9,4,4,7,9,8
RIGHT,465,503,1335,264,282,RIGHT,490,550,7,1,7,2,9,3,2,1,8,2,9,4,4,7,9,8
FORWARD,465,503,1334,264,282,UP,490,550,7,1,7,2,9,3,2,1,8,2,9,4,4,7,9,8
FORWARD,465,503,1332,264,283,UP,490,550,2,1,9,3,1,5,2,3,8,2,9,4,4,7,9,8
LEFT,465,503,1330,264,284,UP,490,550,3,2,1,5,3,8,4,5,8,2,9,4,4,7,9,8
BASH,465,503,1329,264,284,RIGHT,490,550,3,2,1,5,3,8,4,5,8,2,9,4,4,7,9,8
BASH,465,503,1324,266,284,RIGHT,490,550,1,2,3,3,4,5,6,1,8,2,9,4,4,7,9,8
BASH,465,503,1318,268,284,RIGHT,490,550,3,5,3,4,6,1,2,3,8,2,9,4,4,7,9,8
BASH,465,503,1312,270,284,RIGHT,490,550,3,9,3,6,2,3,4,2,8,2,9,4,4,7,9,8
BASH,465,503,1308,272,284,RIGHT,490,550,3,5,8,2,6,2,2,3,8,2,9,4,4,7,9,8
FORWARD,465,503,1302,274,284,RIGHT,490,550,8,2,7,6,1,3,8,4,8,2,9,4,4,7,9,8
RIGHT,465,503,1301,275,284,RIGHT,490,550,2,7,2,3,9,8,4,1,8,2,9,4,4,7,9,8
FORWARD,465,503,1300,275,284,UP,490,550,2,7,2,3,9,8,4,1,8,2,9,4,4,7,9,8
BASH,465,503,1296,275,285,UP,490,550,3,1,9,8,1,1,7,5,8,2,9,4,4,7,9,8
LEFT,465,503,1292,275,287,UP,490,550,1,7,5,5,2,8,6,4,8,2,9,4,4,7,9,8
FORWARD,465,503,1291,275,287,RIGHT,490,550,1,7,5,5,2,8,6,4,8,2,9,4,4,7,9,8
FORWARD,465,503,1289,276,287,RIGHT,490,550,7,5,3,1,2,6,4,1,8,2,9,4,4,7,9,8
RIGHT,465,503,1287,277,287,RIGHT,490,550,5,3,7,2,5,4,1,1,8,2,9,4,4,7,9,8
FORWARD,465,503,1286,277,287,UP,490,550,5,3,7,2,5,4,1,1,8,2,9,4,4,7,9,8
LEFT,465,503,1285,277,288,UP,490,550,2,2,5,4,1,5,4,1,8,2,9,4,4,7,9,8
FORWARD,465,503,1284,277,288,RIGHT,490,550,2,2,5,4,1,5,4,1,8,2,9,4,4,7,9,8
BASH,465,503,1283,278,288,RIGHT,490,550,2,5,5,1,7,4,1,8,8,2,9,4,4,7,9,8
BASH,465,503,1278,280,288,RIGHT,490,550,5,1,8,7,7,8,4,2,8,2,9,4,4,7,9,8
BASH,465,503,1273,282,288,RIGHT,490,550,8,4,3,7,9,2,7,1,8,2,9,4,4,7,9,8
FORWARD,465,503,1265,284,288,RIGHT,490,550,3,6,6,9,4,1,9,7,8,2,9,4,4,7,9,8
BASH,465,503,1261,285,288,RIGHT,490,550,6,6,5,5,5,9,7,6,8,2,9,4,4,7,9,8
FORWARD,465,503,1257,287,288,RIGHT,490,550,5,7,9,5,2,6,7,3,8,2,9,4,4,7,9,8
BASH,465,503,1255,288,288,RIGHT,490,550,7,9,8,1,5,7,3,8,8,2,9,4,4,7,9,8
FORWARD,465,503,1248,290,288,RIGHT,490,550,8,8,9,5,1,8,6,2,8,2,9,4,4,7,9,8
BASH,465,503,1247,291,288,RIGHT,490,550,8,9,2,4,3,6,2,9,8,2,9,4,4,7,9,8
RIGHT,465,503,1243,293,288,RIGHT,490,550,2,9,9,3,8,9,9,1,8,2,9,4,4,7,9,8
BASH,465,503,1242,293,288,UP,490,550,2,9,9,3,8,9,9,1,8,2,9,4,4,7,9,8
FORWARD,465,503,1237,293,290,UP,490,550,9,9,1,6,8,3,1,3,8,2,9,4,4,7,9,8
FORWARD,465,503,1236,293,291,UP,490,550,6,2,8,3,3,6,2,1,8,2,9,4,4,7,9,8
LEFT,465,503,1234,293,292,UP,490,550,3,1,3,6,1,6,5,1,8,2,9,4,4,7,9,8
FORWARD,465,503,1233,293,292,RIGHT,490,550,3,1,3,6,1,6,5,1,8,2,9,4,4,7,9,8
RIGHT,465,503,1232,294,292,RIGHT,490,550,1,3,6,2,8,5,1,8,8,2,9,4,4,7,9,8
FORWARD,465,503,1231,294,292,UP,490,550,1,3,6,2,8,5,1,8,8,2,9,4,4,7,9,8
BASH,465,503,1230,294,293,UP,490,550,2,1,8,5,8,8,4,6,8,2,9,4,4,7,9,8
LEFT,465,503,1226,294,295,UP,490,550,8,4,6,3,8,5,8,8,8,2,9,4,4,7,9,8
BASH,465,503,1225,294,295,RIGHT,490,550,8,4,6,3,8,5,8,8,8,2,9,4,4,7,9,8
BASH,465,503,1218,296,295,RIGHT,490,550,6,2,3,8,3,8,8,8,8,2,9,4,4,7,9,8
BASH,465,503,1212,298,295,RIGHT,490,550,3,5,4,3,9,8,6,4,8,2,9,4,4,7,9,8
BASH,465,503,1207,300,295,RIGHT,490,550,4,5,4,9,9,4,6,6,8,2,9,4,4,7,9,8
RIGHT,465,503,1202,302,295,RIGHT,490,550,4,8,8,9,3,6,2,4,8,2,9,4,4,7,9,8
FORWARD,465,503,1201,302,295,UP,490,550,4,8,8,9,3,6,2,4,8,2,9,4,4,7,9,8
FORWARD,465,503,1199,302,296,UP,490,550,9,2,3,6,4,5,2,6,8,2,9,4,4,7,9,8
LEFT,465,503,1197,302,297,UP,490,550,6,2,4,5,6,2,4,8,8,2,9,4,4,7,9,8
BASH,465,503,1196,302,297,RIGHT,490,550,6,2,4,5,6,2,4,8,8,2,9,4,4,7,9,8
BASH,465,503,1189,304,297,RIGHT,490,550,4,8,1,6,9,8,4,2,8,2,9,4,4,7,9,8
FORWARD,465,503,1184,306,297,RIGHT,490,550,1,8,6,9,2,2,3,5,8,2,9,4,4,7,9,8
BASH,465,503,1182,307,297,RIGHT,490,550,8,6,3,2,3,3,5,5,8,2,9,4,4,7,9,8
RIGHT,465,503,1178,309,297,RIGHT,490,550,3,3,2,3,4,5,2,9,8,2,9,4,4,7,9,8
FORWARD,465,503,1177,309,297,UP,490,550,3,3,2,3,4,5,2,9,8,2,9,4,4,7,9,8
BASH,465,503,1175,309,298,UP,490,550,3,1,4,5,9,4,6,1,8,2,9,4,4,7,9,8
BASH,465,503,1170,309,300,UP,490,550,4,6,1,7,4,6,8,3,8,2,9,4,4,7,9,8
BASH,465,503,1166,309,302,UP,490,550,6,8,3,7,1,3,8,4,8,2,9,4,4,7,9,8
LEFT,465,503,1162,309,304,UP,490,550,3,8,4,8,4,2,1,2,8,2,9,4,4,7,9,8
FORWARD,465,503,1161,309,304,RIGHT,490,550,3,8,4,8,4,2,1,2,8,2,9,4,4,7,9,8
BASH,465,503,1157,310,304,RIGHT,490,550,8,4,2,1,4,1,2,7,8,2,9,4,4,7,9,8
FORWARD,465,503,1153,312,304,RIGHT,490,550,2,9,3,4,2,7,3,3,8,2,9,4,4,7,9,8
FORWARD,465,503,1151,313,304,RIGHT,490,550,9,3,4,1,4,3,3,6,8,2,9,4,4,7,9,8
BASH,465,503,1147,314,304,RIGHT,490,550,3,4,4,2,7,3,6,9,8,2,9,4,4,7,9,8
BASH,465,503,1143,316,304,RIGHT,490,550,4,8,6,7,7,9,4,9,8,2,9,4,4,7,9,8
BASH,465,503,1138,318,304,RIGHT,490,550,6,5,6,7,8,9,8,3,8,2,9,4,4,7,9,8
RIGHT,465,503,1134,320,304,RIGHT,490,550,6,1,9,8,6,3,6,5,8,2,9,4,4,7,9,8
BASH,465,503,1133,320,304,UP,490,550,6,1,9,8,6,3,6,5,8,2,9,4,4,7,9,8
FORWARD,465,503,1125,320,306,UP,490,550,3,6,5,4,6,5,1,3,8,2,9,4,4,7,9,8
FORWARD,465,503,1124,320,307,UP,490,550,4,5,6,5,3,9,1,8,8,2,9,4,4,7,9,8
BASH,465,503,1123,320,308,UP,490,550,5,1,3,9,8,6,7,2,8,2,9,4,4,7,9,8
FORWARD,465,503,1117,320,310,UP,490,550,6,7,2,7,6,3,4,7,8,2,9,4,4,7,9,8
BASH,465,503,1113,320,311,UP,490,550,7,3,6,3,7,6,9,9,8,2,9,4,4,7,9,8
BASH,465,503,1106,320,313,UP,490,550,6,9,9,3,7,6,9,6,8,2,9,4,4,7,9,8
FORWARD,465,503,1101,320,315,UP,490,550,6,9,6,3,5,8,1,2,8,2,9,4,4,7,9,8
FORWARD,465,503,1100,320,316,UP,490,550,3,2,5,8,2,4,1,8,8,2,9,4,4,7,9,8
BASH,465,503,1099,320,317,UP,490,550,8,1,2,4,8,7,7,8,8,2,9,4,4,7,9,8
FORWARD,465,503,1090,320,319,UP,490,550,7,7,8,6,3,8,2,8,8,2,9,4,4,7,9,8
BASH,465,503,1088,320,320,UP,490,550,6,6,3,8,8,9,4,5,8,2,9,4,4,7,9,8
LEFT,465,503,1084,320,322,UP,490,550,9,4,5,4,5,3,4,8,8,2,9,4,4,7,9,8
BASH,465,503,1083,320,322,RIGHT,490,550,9,4,5,4,5,3,4,8,8,2,9,4,4,7,9,8
FORWARD,465,503,1076,322,322,RIGHT,490,550,5,8,4,5,1,8,2,5,8,2,9,4,4,7,9,8
BASH,465,503,1075,323,322,RIGHT,490,550,8,4,6,4,4,2,5,7,8,2,9,4,4,7,9,8
BASH,465,503,1070,325,322,RIGHT,490,550,6,4,8,4,5,7,6,9,8,2,9,4,4,7,9,8
BASH,465,503,1066,327,322,RIGHT,490,550,8,9,6,5,6,9,6,4,8,2,9,4,4,7,9,8
BASH,465,503,1062,329,322,RIGHT,490,550,6,4,3,6,6,4,5,1,8,2,9,4,4,7,9,8
BASH,465,503,1053,331,322,RIGHT,490,550,3,7,1,6,6,1,4,2,8,2,9,4,4,7,9,8
RIGHT,465,503,1048,333,322,RIGHT,490,550,1,8,7,6,1,2,4,6,8,2,9,4,4,7,9,8
BASH,465,503,1047,333,322,UP,490,550,1,8,7,6,1,2,4,6,8,2,9,4,4,7,9,8
FORWARD,465,503,1043,333,324,UP,490,550,2,4,6,5,6,6,4,1,8,2,9,4,4,7,9,8
BASH,465,503,1039,333,325,UP,490,550,5,1,6,6,1,3,6,4,8,2,9,4,4,7,9,8
BASH,465,503,1033,333,327,UP,490,550,3,6,4,9,6,3,3,3,8,2,9,4,4,7,9,8
FORWARD,465,503,1028,333,329,UP,490,550,3,3,3,8,7,4,1,3,8,2,9,4,4,7,9,8
FORWARD,465,503,1027,333,330,UP,490,550,8,2,7,4,3,9,3,4,8,2,9,4,4,7,9,8
BASH,465,503,1024,333,331,UP,490,550,4,1,3,9,4,3,7,9,8,2,9,4,4,7,9,8
FORWARD,465,503,1015,333,333,UP,490,550,3,7,9,5,9,6,1,2,8,2,9,4,4,7,9,8
BASH,465,503,1014,333,334,UP,490,550,5,6,9,6,2,1,6,6,8,2,9,4,4,7,9,8
FORWARD,465,503,1008,333,336,UP,490,550,1,6,6,4,4,9,2,2,8,2,9,4,4,7,9,8
FORWARD,465,503,1006,333,337,UP,490,550,4,3,4,9,2,6,2,8,8,2,9,4,4,7,9,8
FORWARD,465,503,1004,333,338,UP,490,550,9,2,2,6,8,2,1,7,8,2,9,4,4,7,9,8
FORWARD,465,503,1003,333,339,UP,490,550,6,2,8,2,7,8,4,1,8,2,9,4,4,7,9,8
BASH,465,503,999,333,340,UP,490,550,2,1,7,8,1,4,7,5,8,2,9,4,4,7,9,8
LEFT,465,503,994,333,342,UP,490,550,4,7,5,3,2,6,6,2,8,2,9,4,4,7,9,8
FORWARD,465,503,993,333,342,RIGHT,490,550,4,7,5,3,2,6,6,2,8,2,9,4,4,7,9,8
RIGHT,465,503,991,334,342,RIGHT,490,550,7,5,9,2,7,6,2,7,8,2,9,4,4,7,9,8
FORWARD,465,503,990,334,342,UP,490,550,7,5,9,2,7,6,2,7,8,2,9,4,4,7,9,8
FORWARD,465,503,988,334,343,UP,490,550,2,2,7,6,7,9,3,3,8,2,9,4,4,7,9,8
BASH,465,503,985,334,344,UP,490,550,6,2,7,9,3,6,4,8,8,2,9,4,4,7,9,8
BASH,465,503,979,334,346,UP,490,550,6,4,8,3,8,4,7,2,8,2,9,4,4,7,9,8
LEFT,465,503,973,334,348,UP,490,550,4,7,2,6,1,5,7,8,8,2,9,4,4,7,9,8
FORWARD,465,503,971,334,348,RIGHT,490,550,4,7,2,6,1,5,7,8,8,2,9,4,4,7,9,8
BASH,465,503,970,335,348,RIGHT,490,550,7,2,2,3,7,7,8,1,8,2,9,4,4,7,9,8
RIGHT,465,503,966,337,348,RIGHT,490,550,2,9,3,7,9,1,9,4,8,2,9,4,4,7,9,8
BASH,465,503,965,337,348,UP,490,550,2,9,3,7,9,1,9,4,8,2,9,4,4,7,9,8
BASH,465,503,961,337,350,UP,490,550,1,9,4,1,2,7,4,5,8,2,9,4,4,7,9,8
LEFT,465,503,956,337,352,UP,490,550,7,4,5,8,9,7,1,4,8,2,9,4,4,7,9,8
BASH,465,503,955,337,352,RIGHT,490,550,7,4,5,8,9,7,1,4,8,2,9,4,4,7,9,8
BASH,465,503,950,339,352,RIGHT,490,550,5,4,7,9,7,4,4,4,8,2,9,4,4,7,9,8
BASH,465,503,946,341,352,RIGHT,490,550,7,4,1,7,3,4,6,9,8,2,9,4,4,7,9,8
RIGHT,465,503,942,343,352,RIGHT,490,550,1,4,8,3,4,9,8,9,8,2,9,4,4,7,9,8
BASH,465,503,941,343,352,UP,490,550,1,4,8,3,4,9,8,9,8,2,9,4,4,7,9,8
FORWARD,465,503,934,343,354,UP,490,550,9,8,9,2,7,5,1,8,8,2,9,4,4,7,9,8
BASH,465,503,933,343,355,UP,490,550,2,4,7,5,8,3,5,1,8,2,9,4,4,7,9,8
LEFT,465,503,929,343,357,UP,490,550,3,5,1,6,1,6,1,4,8,2,9,4,4,7,9,8
FORWARD,465,503,928,343,357,RIGHT,490,550,3,5,1,6,1,6,1,4,8,2,9,4,4,7,9,8
RIGHT,465,503,927,344,357,RIGHT,490,550,5,1,2,1,6,1,4,8,8,2,9,4,4,7,9,8
BASH,465,503,926,344,357,UP,490,550,5,1,2,1,6,1,4,8,8,2,9,4,4,7,9,8
FORWARD,465,503,922,344,359,UP,490,550,1,4,8,9,2,5,1,4,8,2,9,4,4,7,9,8
FORWARD,465,503,921,344,360,UP,490,550,9,1,2,5,4,5,1,7,8,2,9,4,4,7,9,8
LEFT,465,503,920,344,361,UP,490,550,5,1,4,5,7,9,8,9,8,2,9,4,4,7,9,8
BASH,465,503,919,344,361,RIGHT,490,550,5,1,4,5,7,9,8,9,8,2,9,4,4,7,9,8
FORWARD,465,503,912,346,361,RIGHT,490,550,4,9,3,7,2,9,5,7,8,2,9,4,4,7,9,8
BASH,465,503,910,347,361,RIGHT,490,550,9,3,1,4,4,5,7,9,8,2,9,4,4,7,9,8
BASH,465,503,904,349,361,RIGHT,490,550,1,1,3,4,9,9,5,9,8,2,9,4,4,7,9,8
RIGHT,465,503,897,351,361,RIGHT,490,550,3,6,9,9,7,9,1,1,8,2,9,4,4,7,9,8
FORWARD,465,503,895,351,361,UP,490,550,3,6,9,9,7,9,1,1,8,2,9,4,4,7,9,8
LEFT,465,503,894,351,362,UP,490,550,9,4,7,9,1,2,6,8,8,2,9,4,4,7,9,8
FORWARD,465,503,893,351,362,RIGHT,490,550,9,4,7,9,1,2,6,8,8,2,9,4,4,7,9,8
FORWARD,465,503,892,352,362,RIGHT,490,550,4,7,8,1,3,6,8,9,8,2,9,4,4,7,9,8
BASH,465,503,889,353,362,RIGHT,490,550,7,8,1,1,5,8,9,7,8,2,9,4,4,7,9,8
FORWARD,465,503,883,355,362,RIGHT,490,550,1,4,4,5,2,7,7,7,8,2,9,4,4,7,9,8
FORWARD,465,503,881,356,362,RIGHT,490,550,4,4,5,3,1,7,7,7,8,2,9,4,4,7,9,8
RIGHT,465,503,880,357,362,RIGHT,490,550,4,5,9,2,5,7,7,2,8,2,9,4,4,7,9,8
BASH,465,503,879,357,362,UP,490,550,4,5,9,2,5,7,7,2,8,2,9,4,4,7,9,8
BASH,465,503,873,357,364,UP,490,550,7,7,2,3,7,8,7,7,8,2,9,4,4,7,9,8
FORWARD,465,503,867,357,366,UP,490,550,8,7,7,8,9,4,1,1,8,2,9,4,4,7,9,8
FORWARD,465,503,866,357,367,UP,490,550,8,3,9,4,1,1,3,5,8,2,9,4,4,7,9,8
BASH,465,503,863,357,368,UP,490,550,4,1,1,1,5,6,3,9,8,2,9,4,4,7,9,8
LEFT,465,503,859,357,370,UP,490,550,6,3,9,1,4,8,6,6,8,2,9,4,4,7,9,8
FORWARD,465,503,858,357,370,RIGHT,490,550,6,3,9,1,4,8,6,6,8,2,9,4,4,7,9,8
BASH,465,503,854,358,370,RIGHT,490,550,3,9,5,1,4,6,6,7,8,2,9,4,4,7,9,8
FORWARD,465,503,849,360,370,RIGHT,490,550,5,8,9,4,1,7,6,2,8,2,9,4,4,7,9,8
RIGHT,465,503,848,361,370,RIGHT,490,550,8,9,4,2,4,6,2,6,8,2,9,4,4,7,9,8
FORWARD,465,503,847,361,370,UP,490,550,8,9,4,2,4,6,2,6,8,2,9,4,4,7,9,8
BASH,465,503,845,361,371,UP,490,550,2,1,4,6,6,7,4,9,8,2,9,4,4,7,9,8
BASH,465,503,839,361,373,UP,490,550,7,4,9,4,1,3,3,8,8,2,9,4,4,7,9,8
FORWARD,465,503,835,361,375,UP,490,550,3,3,8,6,7,7,6,3,8,2,9,4,4,7,9,8
BASH,465,503,829,361,376,UP,490,550,6,1,7,7,3,5,9,6,8,2,9,4,4,7,9,8
LEFT,465,503,824,361,378,UP,490,550,5,9,6,6,5,5,5,6,8,2,9,4,4,7,9,8
BASH,465,503,823,361,378,RIGHT,490,550,5,9,6,6,5,5,5,6,8,2,9,4,4,7,9,8
FORWARD,465,503,817,363,378,RIGHT,490,550,6,4,5,5,1,6,6,8,8,2,9,4,4,7,9,8
BASH,465,503,816,364,378,RIGHT,490,550,4,5,7,3,8,6,8,2,8,2,9,4,4,7,9,8
BASH,465,503,809,366,378,RIGHT,490,550,7,7,8,8,8,2,9,4,8,2,9,4,4,7,9,8
FORWARD,465,503,805,368,378,RIGHT,490,550,8,3,2,8,3,4,6,9,8,2,9,4,4,7,9,8
RIGHT,465,503,802,369,378,RIGHT,490,550,3,2,5,1,3,6,9,9,8,2,9,4,4,7,9,8
BASH,465,503,800,369,378,UP,490,550,3,2,5,1,3,6,9,9,8,2,9,4,4,7,9,8
BASH,465,503,792,369,380,UP,490,550,6,9,9,7,6,9,7,7,8,2,9,4,4,7,9,8
LEFT,465,503,787,369,382,UP,490,550,9,7,7,2,1,6,2,4,8,2,9,4,4,7,9,8
FORWARD,465,503,786,369,382,RIGHT,490,550,9,7,7,2,1,6,2,4,8,2,9,4,4,7,9,8
RIGHT,465,503,785,370,382,RIGHT,490,550,7,7,1,2,7,2,4,8,8,2,9,4,4,7,9,8
BASH,465,503,784,370,382,UP,490,550,7,7,1,2,7,2,4,8,8,2,9,4,4,7,9,8
LEFT,465,503,780,370,384,UP,490,550,2,4,8,6,4,9,9,6,8,2,9,4,4,7,9,8
FORWARD,465,503,779,370,384,RIGHT,490,550,2,4,8,6,4,9,9,6,8,2,9,4,4,7,9,8
BASH,465,503,775,371,384,RIGHT,490,550,4,8,6,1,8,9,6,2,8,2,9,4,4,7,9,8
FORWARD,465,503,768,373,384,RIGHT,490,550,6,6,4,8,3,2,7,1,8,2,9,4,4,7,9,8
BASH,465,503,765,374,384,RIGHT,490,550,6,4,8,4,3,7,1,8,8,2,9,4,4,7,9,8
BASH,465,503,761,376,384,RIGHT,490,550,8,1,3,3,8,8,3,6,8,2,9,4,4,7,9,8
RIGHT,465,503,756,378,384,RIGHT,490,550,3,6,7,8,3,6,4,8,8,2,9,4,4,7,9,8
BASH,465,503,755,378,384,UP,490,550,3,6,7,8,3,6,4,8,8,2,9,4,4,7,9,8
FORWARD,465,503,750,378,386,UP,490,550,6,4,8,9,7,8,3,9,8,2,9,4,4,7,9,8
BASH,465,503,747,378,387,UP,490,550,9,2,7,8,9,2,4,9,8,2,9,4,4,7,9,8
FORWARD,465,503,742,378,389,UP,490,550,2,4,9,8,3,9,2,1,8,2,9,4,4,7,9,8
LEFT,465,503,740,378,390,UP,490,550,8,2,3,9,1,7,9,5,8,2,9,4,4,7,9,8
FORWARD,465,503,739,378,390,RIGHT,490,550,8,2,3,9,1,7,9,5,8,2,9,4,4,7,9,8
BASH,465,503,738,379,390,RIGHT,490,550,2,3,2,2,9,9,5,3,8,2,9,4,4,7,9,8
FORWARD,465,503,732,381,390,RIGHT,490,550,2,3,3,9,3,3,4,4,8,2,9,4,4,7,9,8
BASH,465,503,729,382,390,RIGHT,490,550,3,3,1,3,5,4,4,9,8,2,9,4,4,7,9,8
BASH,465,503,723,384,390,RIGHT,490,550,1,6,2,5,5,9,8,3,8,2,9,4,4,7,9,8
FORWARD,465,503,719,386,390,RIGHT,490,550,2,2,5,5,1,3,9,1,8,2,9,4,4,7,9,8
FORWARD,465,503,718,387,390,RIGHT,490,550,2,5,3,1,2,9,1,9,8,2,9,4,4,7,9,8
RIGHT,465,503,716,388,390,RIGHT,490,550,5,3,6,1,5,1,9,7,8,2,9,4,4,7,9,8
BASH,465,503,715,388,390,UP,490,550,5,3,6,1,5,1,9,7,8,2,9,4,4,7,9,8
LEFT,465,503,708,388,392,UP,490,550,1,9,7,9,5,8,9,9,8,2,9,4,4,7,9,8
BASH,465,503,706,388,392,RIGHT,490,550,1,9,7,9,5,8,9,9,8,2,9,4,4,7,9,8
FORWARD,465,503,700,390,392,RIGHT,490,550,7,7,8,5,3,9,4,7,8,2,9,4,4,7,9,8
BASH,465,503,697,391,392,RIGHT,490,550,7,8,6,3,6,4,7,9,8,2,9,4,4,7,9,8
RIGHT,465,503,691,393,392,RIGHT,490,550,6,2,5,6,9,9,2,1,8,2,9,4,4,7,9,8
FORWARD,465,503,689,393,392,UP,490,550,6,2,5,6,9,9,2,1,8,2,9,4,4,7,9,8
LEFT,465,503,687,393,393,UP,490,550,6,3,9,9,1,5,3,5,8,2,9,4,4,7,9,8
FORWARD,465,503,686,393,393,RIGHT,490,550,6,3,9,9,1,5,3,5,8,2,9,4,4,7,9,8
BASH,465,503,685,394,393,RIGHT,490,550,3,9,9,2,8,3,5,1,8,2,9,4,4,7,9,8
FORWARD,465,503,679,396,393,RIGHT,490,550,9,4,3,8,2,1,5,3,8,2,9,4,4,7,9,8
RIGHT,465,503,677,397,393,RIGHT,490,550,4,3,8,3,7,5,3,9,8,2,9,4,4,7,9,8
BASH,465,503,676,397,393,UP,490,550,4,3,8,3,7,5,3,9,8,2,9,4,4,7,9,8
LEFT,465,503,672,397,395,UP,490,550,5,3,9,1,3,2,2,7,8,2,9,4,4,7,9,8
FORWARD,465,503,671,397,395,RIGHT,490,550,5,3,9,1,3,2,2,7,8,2,9,4,4,7,9,8
BASH,465,503,668,398,395,RIGHT,490,550,3,9,8,1,5,2,7,8,8,2,9,4,4,7,9,8
FORWARD,465,503,663,400,395,RIGHT,490,550,8,9,5,5,1,8,2,4,8,2,9,4,4,7,9,8
RIGHT,465,503,662,401,395,RIGHT,490,550,9,5,9,2,8,2,4,1,8,2,9,4,4,7,9,8
BASH,465,503,661,401,395,UP,490,550,9,5,9,2,8,2,4,1,8,2,9,4,4,7,9,8
BASH,465,503,656,401,397,UP,490,550,2,4,1,6,4,8,4,8,8,2,9,4,4,7,9,8
LEFT,465,503,649,401,399,UP,490,550,8,4,8,2,2,5,6,1,8,2,9,4,4,7,9,8
FORWARD,465,503,647,401,399,RIGHT,490,550,8,4,8,2,2,5,6,1,8,2,9,4,4,7,9,8
RIGHT,465,503,645,402,399,RIGHT,490,550,4,8,1,4,9,6,1,4,8,2,9,4,4,7,9,8
FORWARD,465,503,644,402,399,UP,490,550,4,8,1,4,9,6,1,4,8,2,9,4,4,7,9,8
FORWARD,465,503,643,402,400,UP,490,550,4,2,9,6,4,7,2,3,8,2,9,4,4,7,9,8
LEFT,465,503,641,402,401,UP,490,550,6,1,4,7,3,6,9,4,8,2,9,4,4,7,9,8
FORWARD,465,503,640,402,401,RIGHT,490,550,6,1,4,7,3,6,9,4,8,2,9,4,4,7,9,8
BASH,465,503,637,403,401,RIGHT,490,550,1,4,5,2,9,9,4,9,8,2,9,4,4,7,9,8
FORWARD,465,503,631,405,401,RIGHT,490,550,5,3,9,9,1,9,6,4,8,2,9,4,4,7,9,8
RIGHT,465,503,630,406,401,RIGHT,490,550,3,9,8,3,7,6,4,6,8,2,9,4,4,7,9,8
BASH,465,503,629,406,401,UP,490,550,3,9,8,3,7,6,4,6,8,2,9,4,4,7,9,8
FORWARD,465,503,625,406,403,UP,490,550,6,4,6,2,5,6,3,2,8,2,9,4,4,7,9,8
LEFT,465,503,622,406,404,UP,490,550,2,1,5,6,2,6,9,6,8,2,9,4,4,7,9,8
FORWARD,465,503,620,406,404,RIGHT,490,550,2,1,5,6,2,6,9,6,8,2,9,4,4,7,9,8
BASH,465,503,618,407,404,RIGHT,490,550,1,5,3,3,8,9,6,7,8,2,9,4,4,7,9,8
RIGHT,465,503,611,409,404,RIGHT,490,550,3,8,7,8,6,7,3,4,8,2,9,4,4,7,9,8
BASH,465,503,609,409,404,UP,490,550,3,8,7,8,6,7,3,4,8,2,9,4,4,7,9,8
FORWARD,465,503,605,409,406,UP,490,550,7,3,4,7,7,5,1,4,8,2,9,4,4,7,9,8
FORWARD,465,503,604,409,407,UP,490,550,7,1,7,5,4,8,7,1,8,2,9,4,4,7,9,8
BASH,465,503,597,409,408,UP,490,550,5,1,4,8,1,7,9,5,8,2,9,4,4,7,9,8
BASH,465,503,591,409,410,UP,490,550,7,9,5,9,5,5,7,7,8,2,9,4,4,7,9,8
FORWARD,465,503,585,409,412,UP,490,550,5,7,7,7,8,3,1,9,8,2,9,4,4,7,9,8
FORWARD,465,503,584,409,413,UP,490,550,7,3,8,3,9,7,2,4,8,2,9,4,4,7,9,8
BASH,465,503,582,409,414,UP,490,550,3,1,9,7,4,2,7,6,8,2,9,4,4,7,9,8
FORWARD,465,503,576,409,416,UP,490,550,2,7,6,7,7,9,1,7,8,2,9,4,4,7,9,8
BASH,465,503,575,409,417,UP,490,550,7,3,7,9,7,4,7,4,8,2,9,4,4,7,9,8
FORWARD,465,503,571,409,419,UP,490,550,4,7,4,4,2,7,1,1,8,2,9,4,4,7,9,8
LEFT,465,503,570,409,420,UP,490,550,4,1,2,7,1,1,2,6,8,2,9,4,4,7,9,8
FORWARD,465,503,569,409,420,RIGHT,490,550,4,1,2,7,1,1,2,6,8,2,9,4,4,7,9,8
RIGHT,465,503,568,410,420,RIGHT,490,550,1,2,7,1,8,2,6,6,8,2,9,4,4,7,9,8
BASH,465,503,567,410,420,UP,490,550,1,2,7,1,8,2,6,6,8,2,9,4,4,7,9,8
FORWARD,465,503,562,410,422,UP,490,550,2,6,6,8,4,8,4,6,8,2,9,4,4,7,9,8
LEFT,465,503,558,410,423,UP,490,550,8,2,4,8,6,2,7,8,8,2,9,4,4,7,9,8
BASH,465,503,556,410,423,RIGHT,490,550,8,2,4,8,6,2,7,8,8,2,9,4,4,7,9,8
FORWARD,465,503,551,412,423,RIGHT,490,550,4,6,6,6,1,8,3,1,8,2,9,4,4,7,9,8
RIGHT,465,503,550,413,423,RIGHT,490,550,6,6,8,2,6,3,1,2,8,2,9,4,4,7,9,8
FORWARD,465,503,549,413,423,UP,490,550,6,6,8,2,6,3,1,2,8,2,9,4,4,7,9,8
LEFT,465,503,548,413,424,UP,490,550,2,1,6,3,2,5,8,9,8,2,9,4,4,7,9,8
FORWARD,465,503,547,413,424,RIGHT,490,550,2,1,6,3,2,5,8,9,8,2,9,4,4,7,9,8
BASH,465,503,545,414,424,RIGHT,490,550,1,6,4,1,7,8,9,6,8,2,9,4,4,7,9,8
FORWARD,465,503,536,416,424,RIGHT,490,550,4,8,7,7,1,6,4,1,8,2,9,4,4,7,9,8
RIGHT,465,503,535,417,424,RIGHT,490,550,8,7,9,6,9,4,1,8,8,2,9,4,4,7,9,8
FORWARD,465,503,534,417,424,UP,490,550,8,7,9,6,9,4,1,8,8,2,9,4,4,7,9,8
FORWARD,465,503,533,417,425,UP,490,550,6,1,9,4,8,3,1,8,8,2,9,4,4,7,9,8
FORWARD,465,503,532,417,426,UP,490,550,4,1,8,3,8,7,2,2,8,2,9,4,4,7,9,8
BASH,465,503,530,417,427,UP,490,550,3,1,8,7,2,7,2,3,8,2,9,4,4,7,9,8
FORWARD,465,503,526,417,429,UP,490,550,7,2,3,5,5,4,2,8,8,2,9,4,4,7,9,8
FORWARD,465,503,524,417,430,UP,490,550,5,1,5,4,8,5,2,4,8,2,9,4,4,7,9,8
BASH,465,503,522,417,431,UP,490,550,4,2,8,5,4,3,6,5,8,2,9,4,4,7,9,8
FORWARD,465,503,514,417,433,UP,490,550,3,6,5,4,8,3,1,1,8,2,9,4,4,7,9,8
LEFT,465,503,513,417,434,UP,490,550,4,5,8,3,1,9,7,8,8,2,9,4,4,7,9,8
FORWARD,465,503,512,417,434,RIGHT,490,550,4,5,8,3,1,9,7,8,8,2,9,4,4,7,9,8
BASH,465,503,511,418,434,RIGHT,490,550,5,8,8,1,9,7,8,3,8,2,9,4,4,7,9,8
RIGHT,465,503,507,420,434,RIGHT,490,550,8,5,6,9,8,3,2,4,8,2,9,4,4,7,9,8
FORWARD,465,503,506,420,434,UP,490,550,8,5,6,9,8,3,2,4,8,2,9,4,4,7,9,8
BASH,465,503,504,420,435,UP,490,550,9,1,8,3,4,3,8,9,8,2,9,4,4,7,9,8
BASH,465,503,500,420,437,UP,490,550,3,8,9,4,7,1,4,5,8,2,9,4,4,7,9,8
LEFT,465,503,496,420,439,UP,490,550,1,4,5,2,5,1,3,9,8,2,9,4,4,7,9,8
BASH,465,503,495,420,439,RIGHT,490,550,1,4,5,2,5,1,3,9,8,2,9,4,4,7,9,8
FORWARD,465,503,491,422,439,RIGHT,490,550,5,5,6,5,3,9,9,6,8,2,9,4,4,7,9,8
BASH,465,503,488,423,439,RIGHT,490,550,5,6,5,1,5,9,6,2,8,2,9,4,4,7,9,8
FORWARD,465,503,482,425,439,RIGHT,490,550,5,9,8,5,1,2,3,9,8,2,9,4,4,7,9,8
RIGHT,465,503,481,426,439,RIGHT,490,550,9,8,2,3,5,3,9,6,8,2,9,4,4,7,9,8
BASH,465,503,480,426,439,UP,490,550,9,8,2,3,5,3,9,6,8,2,9,4,4,7,9,8
FORWARD,465,503,473,426,441,UP,490,550,3,9,6,1,5,5,1,5,8,2,9,4,4,7,9,8
BASH,465,503,472,426,442,UP,490,550,1,4,5,5,5,3,7,3,8,2,9,4,4,7,9,8
FORWARD,465,503,466,426,444,UP,490,550,3,7,3,7,7,4,1,9,8,2,9,4,4,7,9,8
BASH,465,503,465,426,445,UP,490,550,7,3,7,4,9,8,7,9,8,2,9,4,4,7,9,8
BASH,465,503,461,426,447,UP,490,550,8,7,9,3,6,2,4,9,8,2,9,4,4,7,9,8
LEFT,465,503,457,426,449,UP,490,550,2,4,9,9,9,9,4,7,8,2,9,4,4,7,9,8
BASH,465,503,456,426,449,RIGHT,490,550,2,4,9,9,9,9,4,7,8,2,9,4,4,7,9,8
BASH,465,503,449,428,449,RIGHT,490,550,9,8,2,9,8,7,8,5,8,2,9,4,4,7,9,8
BASH,465,503,445,430,449,RIGHT,490,550,2,4,1,8,8,5,7,2,8,2,9,4,4,7,9,8
FORWARD,465,503,441,432,449,RIGHT,490,550,1,8,8,8,4,2,5,2,8,2,9,4,4,7,9,8
BASH,465,503,437,433,449,RIGHT,490,550,8,8,7,1,9,5,2,2,8,2,9,4,4,7,9,8
FORWARD,465,503,432,435,449,RIGHT,490,550,7,4,2,9,4,2,3,5,8,2,9,4,4,7,9,8
BASH,465,503,428,436,449,RIGHT,490,550,4,2,7,2,7,3,5,8,8,2,9,4,4,7,9,8
BASH,465,503,424,438,449,RIGHT,490,550,7,5,3,7,6,8,9,4,8,2,9,4,4,7,9,8
RIGHT,465,503,419,440,449,RIGHT,490,550,3,6,2,6,4,4,5,7,8,2,9,4,4,7,9,8
BASH,465,503,418,440,449,UP,490,550,3,6,2,6,4,4,5,7,8,2,9,4,4,7,9,8
BASH,465,503,410,440,451,UP,490,550,4,5,7,4,6,1,5,9,8,2,9,4,4,7,9,8
BASH,465,503,402,440,453,UP,490,550,1,5,9,5,3,7,5,3,8,2,9,4,4,7,9,8
BASH,465,503,398,440,455,UP,490,550,7,5,3,6,6,7,8,1,8,2,9,4,4,7,9,8
BASH,465,503,392,440,457,UP,490,550,7,8,1,6,4,3,7,1,8,2,9,4,4,7,9,8
BASH,465,503,385,440,459,UP,490,550,3,7,1,8,2,8,8,9,8,2,9,4,4,7,9,8
LEFT,465,503,381,440,461,UP,490,550,8,8,9,9,1,8,4,7,8,2,9,4,4,7,9,8
FORWARD,465,503,380,440,461,RIGHT,490,550,8,8,9,9,1,8,4,7,8,2,9,4,4,7,9,8
FORWARD,465,503,379,441,461,RIGHT,490,550,8,9,4,1,2,4,7,3,8,2,9,4,4,7,9,8
BASH,465,503,377,442,461,RIGHT,490,550,9,4,2,1,9,7,3,7,8,2,9,4,4,7,9,8
BASH,465,503,373,444,461,RIGHT,490,550,2,2,7,9,5,7,7,1,8,2,9,4,4,7,9,8
RIGHT,465,503,367,446,461,RIGHT,490,550,7,3,8,5,2,1,2,9,8,2,9,4,4,7,9,8
FORWARD,465,503,365,446,461,UP,490,550,7,3,8,5,2,1,2,9,8,2,9,4,4,7,9,8
FORWARD,465,503,363,446,462,UP,490,550,5,3,2,1,9,5,2,5,8,2,9,4,4,7,9,8
BASH,465,503,361,446,463,UP,490,550,1,2,9,5,5,7,4,9,8,2,9,4,4,7,9,8
FORWARD,465,503,357,446,465,UP,490,550,7,4,9,2,3,9,1,9,8,2,9,4,4,7,9,8
LEFT,465,503,356,446,466,UP,490,550,2,1,3,9,9,2,4,3,8,2,9,4,4,7,9,8
BASH,465,503,355,446,466,RIGHT,490,550,2,1,3,9,9,2,4,3,8,2,9,4,4,7,9,8
BASH,465,503,350,448,466,RIGHT,490,550,3,4,3,9,3,3,5,4,8,2,9,4,4,7,9,8
BASH,465,503,346,450,466,RIGHT,490,550,3,9,4,3,5,4,5,1,8,2,9,4,4,7,9,8
BASH,465,503,342,452,466,RIGHT,490,550,4,8,4,5,9,1,8,8,8,2,9,4,4,7,9,8
BASH,465,503,336,454,466,RIGHT,490,550,4,1,8,9,6,8,9,3,8,2,9,4,4,7,9,8
RIGHT,465,503,331,456,466,RIGHT,490,550,8,3,7,6,5,3,1,3,8,2,9,4,4,7,9,8
FORWARD,465,503,330,456,466,UP,490,550,8,3,7,6,5,3,1,3,8,2,9,4,4,7,9,8
FORWARD,465,503,329,456,467,UP,490,550,6,2,5,3,3,6,3,9,8,2,9,4,4,7,9,8
BASH,465,503,326,456,468,UP,490,550,3,1,3,6,9,5,5,2,8,2,9,4,4,7,9,8
LEFT,465,503,319,456,470,UP,490,550,5,5,2,7,7,9,9,7,8,2,9,4,4,7,9,8
BASH,465,503,317,456,470,RIGHT,490,550,5,5,2,7,7,9,9,7,8,2,9,4,4,7,9,8
BASH,465,503,313,458,470,RIGHT,490,550,2,8,3,7,3,7,3,4,8,2,9,4,4,7,9,8
BASH,465,503,308,460,470,RIGHT,490,550,3,1,8,3,5,4,4,7,8,2,9,4,4,7,9,8
BASH,465,503,303,462,470,RIGHT,490,550,8,5,2,5,9,7,4,8,8,2,9,4,4,7,9,8
RIGHT,465,503,298,464,470,RIGHT,490,550,2,2,8,9,9,8,8,9,8,2,9,4,4,7,9,8
BASH,465,503,297,464,470,UP,490,550,2,2,8,9,9,8,8,9,8,2,9,4,4,7,9,8
FORWARD,465,503,292,464,472,UP,490,550,8,8,9,6,4,7,2,9,8,2,9,4,4,7,9,8
BASH,465,503,290,464,473,UP,490,550,6,2,4,7,9,5,3,3,8,2,9,4,4,7,9,8
LEFT,465,503,285,464,475,UP,490,550,5,3,3,4,1,9,3,3,8,2,9,4,4,7,9,8
FORWARD,465,503,284,464,475,RIGHT,490,550,5,3,3,4,1,9,3,3,8,2,9,4,4,7,9,8
BASH,465,503,283,465,475,RIGHT,490,550,3,3,7,2,6,3,3,7,8,2,9,4,4,7,9,8
BASH,465,503,277,467,475,RIGHT,490,550,7,5,2,6,5,7,6,5,8,2,9,4,4,7,9,8
RIGHT,465,503,272,469,475,RIGHT,490,550,2,5,4,5,8,5,2,6,8,2,9,4,4,7,9,8
FORWARD,465,503,271,469,475,UP,490,550,2,5,4,5,8,5,2,6,8,2,9,4,4,7,9,8
FORWARD,465,503,269,469,476,UP,490,550,5,2,8,5,6,2,2,9,8,2,9,4,4,7,9,8
BASH,465,503,267,469,477,UP,490,550,5,2,6,2,9,4,7,6,8,2,9,4,4,7,9,8
FORWARD,465,503,262,469,479,UP,490,550,4,7,6,2,5,8,1,5,8,2,9,4,4,7,9,8
FORWARD,465,503,261,469,480,UP,490,550,2,2,5,8,5,2,3,8,8,2,9,4,4,7,9,8
LEFT,465,503,258,469,481,UP,490,550,8,1,5,2,8,5,5,2,8,2,9,4,4,7,9,8
BASH,465,503,256,469,481,RIGHT,490,550,8,1,5,2,8,5,5,2,8,2,9,4,4,7,9,8
BASH,465,503,250,471,481,RIGHT,490,550,5,9,8,8,7,2,8,2,8,2,9,4,4,7,9,8
FORWARD,465,503,243,473,481,RIGHT,490,550,8,5,7,7,3,2,7,8,8,2,9,4,4,7,9,8
BASH,465,503,240,474,481,RIGHT,490,550,5,7,8,4,6,7,8,9,8,2,9,4,4,7,9,8
FORWARD,465,503,235,476,481,RIGHT,490,550,8,3,7,6,5,9,7,1,8,2,9,4,4,7,9,8
BASH,465,503,230,477,481,RIGHT,490,550,3,7,9,2,7,7,1,6,8,2,9,4,4,7,9,8
RIGHT,465,503,226,479,481,RIGHT,490,550,9,5,6,7,7,6,1,2,8,2,9,4,4,7,9,8
FORWARD,465,503,225,479,481,UP,490,550,9,5,6,7,7,6,1,2,8,2,9,4,4,7,9,8
LEFT,465,503,224,479,482,UP,490,550,7,1,7,6,2,6,2,4,8,2,9,4,4,7,9,8
FORWARD,465,503,223,479,482,RIGHT,490,550,7,1,7,6,2,6,2,4,8,2,9,4,4,7,9,8
BASH,465,503,221,480,482,RIGHT,490,550,1,7,4,1,6,2,4,6,8,2,9,4,4,7,9,8
FORWARD,465,503,217,482,482,RIGHT,490,550,4,1,4,6,1,6,8,7,8,2,9,4,4,7,9,8
FORWARD,465,503,216,483,482,RIGHT,490,550,1,4,8,1,2,8,7,2,8,2,9,4,4,7,9,8
FORWARD,465,503,214,484,482,RIGHT,490,550,4,8,3,1,1,7,2,2,8,2,9,4,4,7,9,8
RIGHT,465,503,213,485,482,RIGHT,490,550,8,3,2,2,6,2,2,3,8,2,9,4,4,7,9,8
FORWARD,465,503,212,485,482,UP,490,550,8,3,2,2,6,2,2,3,8,2,9,4,4,7,9,8
BASH,465,503,210,485,483,UP,490,550,2,1,6,2,3,6,7,8,8,2,9,4,4,7,9,8
FORWARD,465,503,204,485,485,UP,490,550,6,7,8,9,3,3,2,8,8,2,9,4,4,7,9,8
BASH,465,503,202,485,486,UP,490,550,9,3,3,3,8,7,8,8,8,2,9,4,4,7,9,8
BASH,465,503,198,485,488,UP,490,550,7,8,8,2,1,9,8,5,8,2,9,4,4,7,9,8
FORWARD,465,503,192,485,490,UP,490,550,9,8,5,6,4,6,1,3,8,2,9,4,4,7,9,8
LEFT,465,503,191,485,491,UP,490,550,6,3,4,6,3,9,9,2,8,2,9,4,4,7,9,8
FORWARD,465,503,190,485,491,RIGHT,490,550,6,3,4,6,3,9,9,2,8,2,9,4,4,7,9,8
RIGHT,465,503,187,486,491,RIGHT,490,550,3,4,6,1,1,9,2,9,8,2,9,4,4,7,9,8
FORWARD,465,503,185,486,491,UP,490,550,3,4,6,1,1,9,2,9,8,2,9,4,4,7,9,8
FORWARD,465,503,183,486,492,UP,490,550,1,3,1,9,9,7,2,2,8,2,9,4,4,7,9,8
BASH,465,503,181,486,493,UP,490,550,9,2,9,7,2,2,5,3,8,2,9,4,4,7,9,8
FORWARD,465,503,175,486,495,UP,490,550,2,5,3,7,4,3,1,7,8,2,9,4,4,7,9,8
FORWARD,465,503,174,486,496,UP,490,550,7,3,4,3,7,1,2,8,8,2,9,4,4,7,9,8
BASH,465,503,172,486,497,UP,490,550,3,1,7,1,8,3,6,6,8,2,9,4,4,7,9,8
BASH,465,503,163,486,499,UP,490,550,3,6,6,2,9,2,8,9,8,2,9,4,4,7,9,8
BASH,465,503,158,486,501,UP,490,550,2,8,9,9,4,6,8,6,8,2,9,4,4,7,9,8
BASH,465,503,150,486,503,UP,490,550,6,8,6,9,8,3,7,5,8,2,9,4,4,7,9,8
FORWARD,465,503,143,486,505,UP,490,550,3,7,5,9,1,8,6,1,8,2,9,4,4,7,9,8
BASH,465,503,137,486,506,UP,490,550,9,4,1,8,1,2,8,6,8,2,9,4,4,7,9,8
BASH,465,503,133,486,508,UP,490,550,2,8,6,4,8,1,8,8,8,2,9,4,4,7,9,8
BASH,465,503,127,486,510,UP,490,550,1,8,8,3,6,6,7,1,8,2,9,4,4,7,9,8
BASH,465,503,120,486,512,UP,490,550,6,7,1,4,9,6,4,5,8,2,9,4,4,7,9,8
BASH,465,503,114,486,514,UP,490,550,6,4,5,9,2,5,7,2,8,2,9,4,4,7,9,8
BASH,465,503,109,486,516,UP,490,550,5,7,2,9,9,1,7,9,8,2,9,4,4,7,9,8
LEFT,465,503,104,486,518,UP,490,550,1,7,9,2,2,2,5,5,8,2,9,4,4,7,9,8
FORWARD,465,503,103,486,518,RIGHT,490,550,1,7,9,2,2,2,5,5,8,2,9,4,4,7,9,8
RIGHT,465,503,101,487,518,RIGHT,490,550,7,9,8,2,7,5,5,8,8,2,9,4,4,7,9,8
FORWARD,465,503,100,487,518,UP,490,550,7,9,8,2,7,5,5,8,8,2,9,4,4,7,9,8
BASH,465,503,95,487,519,UP,490,550,2,2,7,5,8,6,5,8,8,2,9,4,4,7,9,8
LEFT,465,503,91,487,521,UP,490,550,6,5,8,4,1,3,4,2,8,2,9,4,4,7,9,8
FORWARD,465,503,90,487,521,RIGHT,490,550,6,5,8,4,1,3,4,2,8,2,9,4,4,7,9,8
RIGHT,465,503,89,488,521,RIGHT,490,550,5,8,6,1,8,4,2,2,8,2,9,4,4,7,9,8
FORWARD,465,503,88,488,521,UP,490,550,5,8,6,1,8,4,2,2,8,2,9,4,4,7,9,8
BASH,465,503,86,488,522,UP,490,550,1,1,8,4,2,9,6,9,8,2,9,4,4,7,9,8
BASH,465,503,80,488,524,UP,490,550,9,6,9,5,6,2,4,4,8,2,9,4,4,7,9,8
BASH,465,503,74,488,526,UP,490,550,2,4,4,2,7,1,7,8,8,2,9,4,4,7,9,8
BASH,465,503,67,488,528,UP,490,550,1,7,8,9,5,3,5,3,8,2,9,4,4,7,9,8
BASH,465,503,61,488,530,UP,490,550,3,5,3,4,9,7,3,9,8,2,9,4,4,7,9,8
BASH,465,503,57,488,532,UP,490,550,7,3,9,5,6,6,9,6,8,2,9,4,4,7,9,8
BASH,465,503,48,488,534,UP,490,550,6,9,6,3,9,4,7,8,8,2,9,4,4,7,9,8
BASH,465,503,43,488,536,UP,490,550,4,7,8,4,7,8,9,8,8,2,9,4,4,7,9,8
BASH,465,503,36,488,538,UP,490,550,8,9,8,7,4,7,8,7,8,2,9,4,4,7,9,8
BASH,465,503,31,488,540,UP,490,550,7,8,7,9,1,8,7,1,8,2,9,4,4,7,9,8
BASH,465,503,23,488,542,UP,490,550,8,7,1,8,8,3,9,9,8,2,9,4,4,7,9,8
BASH,465,503,17,488,544,UP,490,550,3,9,9,4,3,1,5,4,8,2,9,4,4,7,9,8
LEFT,465,503,12,488,546,UP,490,550,1,5,4,2,7,3,5,6,8,2,9,4,4,7,9,8
BASH,465,503,11,488,546,RIGHT,490,550,1,5,4,2,7,3,5,6,8,2,9,4,4,7,9,8
RIGHT,465,503,7,490,546,RIGHT,490,550,4,9,3,7,7,6,1,2,8,2,9,4,4,7,9,8
FORWARD,465,503,6,490,546,UP,490,550,4,9,3,7,7,6,1,2,8,2,9,4,4,7,9,8
FORWARD,465,503,5,490,547,UP,490,550,7,1,7,6,2,7,1,8,8,2,9,4,4,7,9,8
BASH,465,503,4,490,548,UP,490,550,6,1,2,7,8,8,2,9,8,2,9,4,4,7,9,8
END,465,503,0,490,550,UP,490,550,8,2,9,4,4,7,9,8,8,2,9,4,4,7,9,8
